symbol,security_id
011NSETEST,14747
021NSETEST,14751
031NSETEST,14753
041NSETEST,14755
051NSETEST,14758
061NSETEST,14762
071NSETEST,14764
081NSETEST,14767
091NSETEST,14769
0ABCL31,763751
0HFL28,762375
0IRFC35,760080
0MOFSL27,23704
0NHIT34,29432
0NHIT35,29425
0RL34,25706
0SCL27,23299
1003IIFL29,24141
1003ISFL28,20779
1003SCFL31,23315
1003SCL30,18874
1003SCL30A,20116
1003SCL31,23967
1003SCL31A,25566
1003SCL31P,28929
1003SCL32,30228
1003SFIL28,15249
10157PCP27,24549
1015ECL29,7975
1015SCFL29,23303
1015SCL28,20102
1015SCL28A,14710
1015SCL28B,17542
1015SCL29,23952
1015SCL29B,25558
1015SCL29T,28925
1015SCL30,30236
1015UCL27,756000
1018GS2026,6833
101NSETEST,14772
1020CCSP27,27134
1025IIFL30,756154
1025PATE28,758732
1025SCFL34,23317
1025SCL33,21030
1025SCL33A,18897
1025SCL34,23323
1025SCL34A,23974
1025SCL34B,25575
1025SCL34C,25568
1025SCL34U,28930
1025SCL34Z,28933
1025SCL35,30234
1025SCL35A,30204
1025UCL26A,25914
1025UCL27A,756002
1025VCCL28,757413
102CCSP27A,28967
1030SFIL28,14034
1035CCSP26,23390
1035CCSP27,23604
1039UCL26,755998
1040UCL27B,25916
1050IIFL29,24143
1050ISFL28,20784
1050SCFL31,23311
1050SCL30,20111
1050SCL31,23964
1050SCL31A,25564
1050SCL31T,28928
1050SCL32,30242
1050UCL28,756004
105IIFL29,19047
1060ECL29,7986
1065NFL27,23123
1075SCFL34,23319
1075SCL33,21042
1075SCL33A,18902
1075SCL33B,20118
1075SCL34,23970
1075SCL34C,25570
1075SCL34T,28931
1075SCL35,30232
1075WCA28,759215
1075WCA28B,755805
1075WCAP28,758995
1075WCAP29,764310
1077IIFL30,23024
1096GIPL28,760487
10CAGL27,12465
10IIFL28,5212
10IIFL28A,2871
10IIFL29,19045
10IIFLSF27,24139
10ISFL26,20771
10MWL29,763206
10SCL30A,18868
10SCL31,23309
10SCL31A,23961
10UCL26,755996
1116AFL27,763346
1116AFL28,763798
1119NFL27,23125
111ESFB31,757892
111NSETEST,14774
1125AFIL29,763044
1125VCCL27,760047
113ESFB31,759296
113ESFB31B,759791
1150AFIL28,760459
1150AFIL29,760641
115AFIL28A,764159
115VCCL27,757719
115VCCL28,760049
115VCCL28A,760451
115VCCL31,761599
115VCCL31A,763380
1165ESF32,758760
1165ESFB32,761461
116VCCL26A,758340
116VCCL27,758531
116VCCL27A,759392
1175IFL28,760555
1175IFL28A,763510
1180IFL28,759712
1180IFL28A,761397
1180IFL28B,764109
1180VCCL26,25814
118VCCL27,758342
118VCCL27A,758533
118VCCL27B,759394
11MCS27,763292
11NSETEST,12841
11RCPL28,764331
11VCCL27,760045
1215DHPL27,759444
121NSETEST,14777
1225DCCL27,760956
1225IFL27,759897
1225IFL28,760656
125VCCL31,760558
1275DCC28,763717
1275DCCL28,761737
12AFIL27,759446
12AFIL27A,759098
12AFIL28,759283
12DCCL27,759793
12DCCL29,760763
12DCCL29A,760614
12VCCL27,25464
12VCCL27A,25812
12VCCL27B,29749
12VCCL27D,758338
12VCCL28,759281
12VCCL29,25466
12VCCL29A,29274
12VCCL29B,756916
12VCCL29C,757721
12VPT28,763575
12VPT28A,754402
131NSETEST,14778
13DCCL29,761609
141NSETEST,14781
14DCCL31,760767
14DCCL31A,760765
14RARL30,30269
151NSETEST,14782
161NSETEST,14784
1650RARL27,24693
165RARL28,759237
171NSETEST,23446
181NSETEST,23447
182D030926,760887
182D051126,763288
182D070127,764048
182D081026,761686
182D100926,761383
182D101226,31718
182D121126,763373
182D130826,760940
182D140127,764153
182D151026,762430
182D171226,753787
182D180926,761480
182D191126,763526
182D210127,764253
182D210826,761054
182D221026,763078
182D241226,755786
182D270826,760165
182D271126,763625
182D280127,764329
182D291026,763204
182D311226,763782
18MVL27,23111
18MVL31,753933
18PVL29,756035
18PVL29A,756037
20MICRONS,16921
21STCENMGM,4
360ONE,13061
364D010727,763783
364D021026,759341
364D030926,758940
364D031226,760100
364D040227,760785
364D040327,760888
364D060527,763289
364D061126,759600
364D070127,760593
364D080427,761687
364D080727,764049
364D081026,759433
364D100627,31784
364D100926,758888
364D101226,760299
364D110227,760941
364D110327,761384
364D121126,759831
364D130527,763374
364D130826,758414
364D150127,760714
364D150427,762431
364D150727,764154
364D151026,759476
364D170627,753799
364D170926,759199
364D171226,760391
364D190227,761055
364D190327,761481
364D191126,759866
364D200527,763527
364D200826,758589
364D210127,760780
364D220427,763079
364D220727,764254
364D231026,758835
364D240627,755802
364D240926,759047
364D250227,760166
364D251226,760526
364D261126,760030
364D280127,760761
364D280527,763626
364D280826,758731
364D290427,763205
364D290727,764330
364D291026,759504
3BBLACKBIO,762518
3IINFOLTD,6232
3MINDIA,474
3PLAND,2595
574GS2026,6695
575PY26,836
577GS2030,22292
579GS2030,18857
582RJ27,1824
585GS2030,1341
588CG26,1703
591GS2028,757753
593CG26,1449
596PY26,5880
597CG27,1887
599MP26,5525
5PAISA,445
601GS2028,6866
601GS2030,757983
601RJ26,5994
603GS2029,760622
604AS26,7038
604GJ26,6209
607RJ26,6987
609AS26,6304
609KA28,21930
60TN28,757425
610GS2031,5012
612KA27,21929
613GS2028,6868
613OR28,757931
614TN28,757728
617KL27,1709
619GS2034,18973
61CG27,2013
61GJ28,757559
61RJ27,837
622AS30,757018
622GS2035,953
622KL27,1361
623RJ27,5877
624MH26,5330
624MH28,21947
627PFCL27,757449
627TN27,758923
627TN29,758200
628GJ27,5524
628GS2032,757994
629RJ26A,7500
62RJ27,22272
632KA28,22302
633AS26A,7495
633GS2035,756890
633TN30,22135
634RJ27,6307
635AP27,20572
635LT28,758336
635MH28,1212
636GS2031,761020
636HP28,22267
637RECL27,758294
638MH27,5467
639BR27,3650
63MOONS,11868
63PY27,7153
640NHPCL27,758440
640TN32,757398
641GA30,21040
641TN30,22103
642GA30,852
642JK31,756807
642JK31A,757426
642MN30,21919
642PN30,22298
642TN31,756787
642UP30,849
643AP30,976
643MH27,5414
643RJ27,7867
643UK30,22451
644GJ29,20601
644GJ29A,22337
644MH28,22342
644UK30,853
644UP30,22262
645BR27,3695
645GJ30,22448
645GJ30A,1827
645GS2029,13472
645HP29,838
645MH27,599
645ML30,22449
645MN30,22301
645RJ27,2071
645RJ27A,7894
645RJ30,855
646GJ30,982
646JK30,22303
646RJ30,22340
646RJ30A,22450
646WB30,22269
647GJ30,21422
647IRFC28,758169
647KA30,1080
647MH28,773
648AP27,20922
648AP32,21039
648AS30,985
648GS2035,759396
648HR40,22299
648KA30,22335
648KA31,861
648MZ30,988
648RJ27,8319
649AP33,22264
649GJ29,1364
649KA30,21390
649KA30A,1158
649KA31,22336
649MH31,22343
649OR30,757729
649RJ30,22043
649TN50,22136
649TS50,22263
64AP28,1362
64GJ30,22296
64GJ30A,846
64KA30,22265
64KA30A,22452
64KA30B,843
64KA30C,972
64KA31,22266
64MH30,973
651GJ33,757019
651HP30,840
651KA30,758
651KA30B,1650
651KA30C,1727
651KA31,21419
651UP32,756808
652KA30,1522
652MH30,1236
652ML30,22009
652MP35,21949
652NL30,21993
652PY30,994
652RL28,757917
652TS50,22304
653CG28,5671
653HP29,1215
653KA30,1365
653TN31,1839
654AP30,20923
654AR30,1157
654GA30,20921
654GA30A,1516
654GJ30,21216
654GS2032,7843
654KA30,1453
654MH27,8126
654MH30,21932
654MP35,22297
654RJ30,22059
654RJ30A,1160
654TN29,759716
654TN31,756853
654UP30,779
654WB35,22173
655AP28,21549
655AP33,864
655AP35,22294
655AS30,20653
655AS30A,22447
655GA30,1074
655GA30A,1454
655KL30,21901
655MH28,605
655RJ30,22079
655RJ50,22023
655RJ55,22033
655TN29,759851
655TN30,22114
655TR30,858
655WB30,22178
656AP31,20666
656AS30,754
656KA30,14
656MH30,776
656MH32,1000
656MN30,21921
656RJ29,759984
656UP30,1525
657AP30,21235
657GA30,1237
657GJ29,20279
657GJ31,2014
657GS2033,7194
657HP30,1644
657HP30A,1647
657MH31,21936
657MP30,21975
657MZ35,22014
657RJ30,22056
657TN31,1890
658AP30,20280
658GA30,20598
658GA30A,1646
658GA31,1830
658GJ27,3061
658IRFC30,758167
658JK30,22179
658KA30,20288
658MP35,21948
658RJ30,22050
658TN29,759305
658UP30,1239
659CG28,5971
659HR30,1077
659PFCL30,757451
659RJ30,22073
659RJ30A,1241
659RJ31,1836
659UP30,997
65AP30,20654
65AP38,22295
65GA30,22261
65GA30A,22369
65GJ30,1075
65GJ30A,1233
65KA30,22368
65KA30A,1227
65KL27,21909
65NL30,991
65RJ30,22372
65RJ50,22293
65TN30,22374
65UP30,22081
65WB30,22174
660AP39,22332
660AP40,22333
660RECL27,757577
660TN35,757020
660TS30,22195
661AP34,757399
661GJ32,756855
661KA30,593
661KA33,1944
661KA35,22454
661MP35,22338
661MP37,1953
661PFCL28,756767
661RJ30,1083
661RJ31,1896
661RJ31A,2016
661TS51,2017
661UP31,1891
661WB36,1947
662AS30,1425
662CG28,6315
662GA31,1939
662GS2051,7193
662HR41,2019
662JH30,761
662JK30,22180
662KA32,782
662KA32A,1733
662NL30,1428
662PY28,6895
662RJ30,1369
662RJ41,2020
662TS41,1959
662UK30,617
662UP30,1695
662UP31,1938
662WB35,22341
663AP37,1905
663AS35,756809
663GA35,757400
663GJ29,65
663HP31,2021
663HP33,2023
663HR28,6317
663KA30,22410
663KA34,1651
663KL30,21910
663MH30,596
663ML31,1940
663MN31,1833
663PN51,1910
663TN35,1652
663TN55,22102
663UP30,614
663WB31,2022
663WB41,1902
664AP39,1866
664AS30,1246
664GJ36,756811
664GS2027,27405
664GS2035,3204
664HR36,757034
664JK36,1863
664KA32,22370
664ML35,757382
664MP30,21971
664MZ32,1899
664PFCL30,756765
664PY32,1730
664RJ30,22412
664RJ35,757383
664SK31,1888
664TN29,761318
664TS50,22183
664TS51,1872
664UP30,21
664UP31,2024
665AP33,757427
665AP34,757428
665AP36,1739
665AP40,1745
665AP41,1871
665GA35,756810
665GJ30,22406
665GJ37,756812
665HP32,756100
665IRFC30,756947
665JK30,1373
665KA30,72
665KA35,1531
665ML30,609
665PN50,21716
665PN50A,1757
665TR35,1738
665TS40,1742
665WB28,3726
665WB30,22176
666JH34,1860
666KA32,1248
666NBRD28,758642
666RJ29,759548
666SIDBI28,758644
666TN29,7050
666TN30,22413
666TN35,757430
667AP32,756854
667GS2035,5577
667GS2050,956
667MH31,29
667MH32,1251
667NBFID30,757483
667RJ30,87
667RJ50,22080
667TN50,22375
667TS50,1535
667UK30,76
667UP30,22414
667UP32,756101
668AP33,1378
668AP35,22453
668AP35A,1432
668AP35B,757429
668AP39,22455
668GA30,22405
668GJ33,756856
668GS2031,7205
668GS2033,760623
668GS2040,757847
668HR38,757035
668HR39,22373
668JH32,1376
668KA36,1437
668MZ31,1430
668RJ35,756788
668TN55,22134
668UP30,92
668WB30,22411
668WB35,1532
669GJ34,757109
669GJ35,757110
669KA37,1379
669MP30,21992
669PN30,590
669TN30,179
669TN50,22113
669TS40,1655
669TS50,22371
669UP30,22097
66AS30,1163
66AS30A,1645
66GA30,21389
66GA30A,20
66GJ29,21650
66HP30,1221
66KA37,1950
66MH31,21937
66ML30,1528
66ML30A,1712
66MN30,1368
66MZ30,22017
66PN30,1165
66RJ30,18
66RJ30A,611
66RJ30B,1422
66RJ30C,1715
66SK30,1084
66TN29,22129
66TN30,22111
66UK31,1854
66UP30,1086
66UP30A,1649
66UP31,1842
66WB30,1721
670GJ33,757731
670RECL29,758296
670RJ50,22070
670TN50,22128
671AP35,756858
671MN40,757036
671RJ30,22077
671TN29,6741
671TN35,755926
671TN35A,757111
671TS40,1446
671TS50,22457
671WB40,1443
672AP28,20914
672GA30,20913
672GJ30,3750
672HR35,867
672KA33,1166
672KL27,2901
672MH38,756063
672MH40,756065
672PN30,21786
672RJ30,171
672TN27,420
672TR40,756814
673HPCL30,756705
673KL28,21903
673MP30,21981
673PFCL27,759021
673PN40,1382
673RJ35,757560
673SK30,173
673TN30,22122
673TN40,1254
673TS50,1256
674AP37,756859
674GA30,165
674MH29,758843
674SIDBI29,759983
674TN50,22112
674TS50,1386
674UK35,756092
674UK35A,757561
674UP30,161
675AS40,756061
675BR27,4980
675GJ27,29517
675GJ29,6093
675GJ31,4575
675GS2029,28530
675HP29,760063
675HR38,756094
675KA33,74
675KA33A,618
675KA34,1092
675KA35,1006
675MH39,756064
675MH40,756097
675RJ30,969
675RJ30A,759863
675RJ31,3195
675TR40,756098
676AS32,757730
676GS2061,2317
676JK31,756908
676MH37,756062
676MP33,95
676MP40,1012
676PN40,877
676RJ31,3641
676TN31,5742
677AP31,758201
677AP38,876
677AP40,22422
677AS40,757113
677BR28,5227
677HR39,757112
677KA33,22421
677KA34,35
677KL37,757386
677MH30,759907
677MH37,756093
677MH38,756095
677MP37,756864
677MP39,756865
677OR29,759165
677PN43,756099
677RJ31,3511
677RJ31A,5743
677TCL28,759101
677TN29,760274
677TN31,3364
677TN40,757114
677WB40,42
678AP33,756909
678AP37,757385
678AP38,3196
678AP39,3200
678GA31,4578
678IRFC30,756331
678JK33,3244
678KA32,182
678KL31,3655
678KL40,756866
678KL46,756103
678MH31,3659
678MH32,185
678MH39,756096
678MN31,3304
678RJ30,22063
678RJ31,3241
678RJ31A,3373
678RJ47,756104
678SK31,3643
678TS50,878
678WB35,1169
679AP34,1004
679AP34A,756906
679AP36,756863
679AS45,756867
679GS2027,7202
679GS2029,7195
679GS2031,28894
679GS2034,25736
679GS2034A,27273
679HP34,756102
679HR30,761319
679HR31,3517
679JK30,22182
679MP33,32
679MP40,1095
679PN35,1007
679PN45,756860
679TN55,756709
679TS52,756105
679TS53,756861
679TS56,756710
679WB28,4877
679WB28A,5344
67AS27,2374
67GJ30,167
67HR30,26
67HR39,756813
67JK30,23
67JK32,1253
67KA30,170
67KL27,21916
67MH28,158
67ML30,83
67NL30,86
67PN30,21719
67PN40,22456
67RJ35,756091
67TR30,89
680AP35,757732
680GJ34,757910
680NHB32,756996
680RJ35,757734
680TN35,757735
681HR39,755854
681KL31,4581
681MH28,427
681MH31,3704
681PN31,3755
681RL36,757915
681TR35,1172
682AP36,757384
682BR28,5026
682CG28,4984
682GJ27,25828
682JH34,3082
682KL32,3077
682KL35,3083
682MH32,3376
682ML31,3238
682PN36,3085
682RJ31,3259
682TN35,757913
682TN36,757546
683AP34,756857
683BR30,7043
683GA31,5882
683GJ30,297
683GS2039,6935
683JK42,755855
683KA31,6988
683KA31A,7045
683KA31B,7155
683MH30,761454
683MH31,4752
683MH32,3567
683MH32A,3665
683MH32B,4580
683MN40,757115
683TN31,4755
683TN31A,7156
683WB28,4989
683WB31,2925
683WB31A,3519
684AP37,756911
684AP38,757387
684AP39,757388
684AR31,3257
684BR30,7152
684GA31,3076
684GJ30,454
684GJ31,2928
684GJ31A,5558
684GJ31B,759852
684HP35,756910
684HR32,3571
684JK31,3073
684JK31A,758202
684JK42,757037
684KL30,21913
684KL33,3656
684KL47,756815
684MH32,3520
684MZ34,1090
684PN31,5883
684RJ30,22068
684RJ31,3713
684RJ31A,4571
684RJ31B,6990
684TN29,758711
684TS40,68
684TS56,755925
684UK31,2919
684UP31,5887
685AP36,38
685AP41,756913
685AR31,2922
685AS29,8186
685AS31,2930
685AS31A,5881
685BR30,5556
685GA31,2077
685GA31A,2910
685GA31B,5674
685GA31C,7154
685KA30,300
685ML31,2937
685MP31,5677
685NBRD29,759019
685NL31,3265
685NL31A,3710
685PFCL31,760799
685RJ30,302
685RJ31,2079
685RJ47,756816
685RJ51,756817
685TN51,2097
685TS50,757119
685WB30,22219
685WB30A,22226
685WB31,5566
686AP35,5736
686AS35,757733
686HP30,6878
686JH36,2916
686KA30,449
686KL35,5737
686MH32,3707
686NBFID30,759834
686NHPCL31,756934
686NHPCL32,756932
686NHPCL33,756923
686NHPCL34,756886
686NHPCL35,756888
686NHPCL36,756903
686NHPCL37,756905
686NHPCL38,756919
686NHPCL39,756921
686NHPCL40,756884
686PN33,2940
686PY34,2943
686REC35,756720
686RJ36,5740
686RJ52,757041
686TN29,760478
686TS41,2095
686TS46,757117
686TS47,757118
686UP30,22094
686UP33,757932
687AP33,757933
687AP35,746
687AP37,2096
687AP38,41
687AP40,5741
687AS31,5670
687AS31A,7041
687BR30,5970
687BR30A,6877
687GJ28,30080
687GJ28A,30413
687HR31,5536
687JH31,5676
687KA31,6887
687MH30,448
687MH33,3379
687MH33A,3574
687MN31,5691
687REC30,756722
687RJ31,5561
687SK31,6991
687TN28,30414
687TS47,755856
687TS55,755857
687UP31,5695
688AP34,21138
688AP34A,757934
688AP35,21054
688AP40,756912
688BR35,757627
688GA31,5557
688GJ31,4893
688KA31,5986
688KA32,7047
688MH33,3522
688ML35,756907
688MN31,2078
688MP41,757389
688PN45,756914
688PN45A,757116
688PN46,756915
688PY31,22026
688RJ46,2089
688UK30,22168
688UP31,2080
688UP31A,4757
688WB40,1015
689AP35,2086
689BR28,2065
689GA30,303
689GA31,4750
689GA31A,5972
689GA35,757912
689GJ31,5977
689KA33,7159
689KL51,757040
689MH31,4881
689MH32,4760
689MP35,21983
689MP40,767
689NL30,759908
689NTPC35,756938
689OR28A,29696
689PN31,5560
689PN46,757038
689RJ48,757039
689TN28,30175
689TS51,3266
689UP31,5565
689WB41,2092
68AS30,164
68GS2060,22438
68JK35,1009
68KL31,3070
68MH31,4579
68MN30,21924
68NL31,5744
68PN26,21711
68RJ31,3752
68SK31,5745
68TS50,1018
68TS50A,1098
68TS57,756862
68UK31,3067
690AP27,20599
690BR35,757911
690GS2065,756014
690LICH27,756852
690PFCL31,760800
690UP30,22093
691AP39,626
691AP40,3388
691AS30,431
691AS31,5969
691GJ30,4991
691HP31,6879
691MH33,5678
691MH34,5679
691MP40,629
691NL30,437
691RJ31,4866
691RJ31A,5541
691RJ31B,5995
691TN31,760877
691TN31A,761320
691UP30,22100
691UP30A,439
691WB31,6897
692AP41,6992
692AVTL28,759789
692BR32,21161
692GS2039,27127
692HP33,6881
692HP45,757393
692HR30,5415
692HR36,3382
692HR36A,4612
692JH28,30174
692MP43,757390
692OIT28,759505
692PFCL28,761026
692PN35,21895
692RJ30,430
692RJ31,6557
692TN29,30415
692TN30,760556
692TN45,757394
692TN46,6993
692TS44,757391
692TS45,757392
692UP31,6000
692WB45,757395
693AP38,5889
693GJ31,2230
693GJ31A,6320
693HP31,5537
693HP32,6880
693JH30,428
693KA32,5987
693OR28,30090
693SK31,2913
693TS37,5896
693UP31,6558
693UP31A,6744
694AP37,3513
694AP38,3514
694AP41,5897
694AS31,6556
694CG29,2907
694GA30,21139
694GS2036,763340
694JK36,7044
694KL62,757397
694MH31,4993
694MP35,21979
694PGCIL35,756743
694RJ33,5886
694RJ35,757748
694TN50,22126
694TN55,757396
694TS50,322
694TS50A,630
694TS60,22207
694UK31,4891
694UP31,2140
694UP31A,4889
694WB36,7160
695AS30,21162
695BR30,6318
695GJ31,5033
695GS2061,6817
695HP29,21141
695HP33,20859
695HP34,20858
695HR33,3696
695KA28,25470
695KA31,6210
695MH31,5035
695MH32,4883
695MN30,21925
695MP30,760557
695OR31,758578
695PN31,4887
695PN40,319
695RECL28,761826
695RJ31,2137
695SK30,22156
695TN31,2260
695TN31A,4994
695TN31B,5471
695WB35,22145
696AP33,758203
696AP34,758188
696AP35,3575
696AP36,3576
696GA31,4880
696HR29,8011
696HR40,20860
696JH29,30416
696JK35,314
696KA30,30418
696KA31,6095
696KA31A,7304
696KL34,3701
696PFCL28,760859
696PY30,7511
696RJ31,6327
696RJ41,2147
696TN28,27326
696TN31,6481
696TN51,3578
696TN56,3580
696TS45,7055
696TS51,3391
696UP31,7314
697AS31,5416
697AS31A,7295
697GA31,5469
697GR2034,24705
697GS2026,7158
697KA28,20864
697KA30,20912
697KA31,311
697KL31,5474
697MH28,21946
697NL31,5418
697PN31,5419
697PN40,21789
697RJ30,22057
697RJ31,4997
697RJ51,2150
697RJ51A,2257
697TN28,28180
697TN31,5086
697TN31A,5173
697TN31B,5417
697TN31C,6096
697TN46,3647
697UK35,757749
697UP31,5421
697UP31A,6099
697WB36,2149
698AP36,5668
698AS31,2134
698AS31A,5468
698BR30,6478
698GA31,7296
698GJ30,29912
698GJ31,5334
698GJ31A,761008
698GJ32,759985
698GR2054,27819
698HP32,5538
698HR31,5229
698HR41,2146
698JK36,5890
698MH28,21939
698MH37,757547
698MP30,21978
698OR29,30176
698OR37,757925
698PGCIL35,758494
698PN33,5885
698PY33,3079
698RJ31,6100
698RJ31A,6480
698SHFL28,760707
698TN31,5037
698TN31A,5230
698TR30,22138
698TS28,22191
698TS41,3577
698UP31,5473
698WB35,22149
698WB36,5697
698WB37,6749
699AR30,20861
699AS31,6330
699GA30,20862
699GA31,4998
699GA31A,5027
699GA31B,5333
699GS2051,6696
699HP31,759201
699HR31,6211
699JH30,22200
699JK31,2074
699KA28,2735
699KL36,5891
699MH29,8128
699MN30,21922
699MP41,6750
699NL30,761414
699PY29,8284
699RJ41,2251
699SFL27,757341
699TN31,30419
699TN32,758831
699TN41,3645
699TR36,5892
699TS28,22190
699TS43,6752
699UP31,5038
699UP31A,5174
699UP31B,6350
699WB30,5172
699WB31,5470
699WB35,620
699WB36,3089
699WB36A,5895
69AP32,2081
69AP39,3385
69AS30,20155
69AS30A,294
69GA30,20148
69GA30A,440
69GJ30,3064
69HP30,446
69JK33,3392
69KA27,25699
69KA30,20154
69KA31,6743
69MH30,760840
69ML30,306
69MN30,21926
69MZ33,3523
69PY28,7893
69PY29,291
69RJ29,760479
69RJ32,4764
69TN31,5997
69UK30,22172
69UK30A,309
69UP30,307
700AP37,757736
700ML35,758204
700TN29,25886
701AP39,3762
701BR37,757711
701GJ31,29047
701GJ31A,758924
701MH32,5002
701MN31,5087
701NBRD29,761002
701NGEL35,759774
701TN32,759735
701TN35,30436
701UP31,5089
702AP30,20863
702AP36,6351
702AP37,6352
702AP41,5569
702AS30,20851
702AS30A,30417
702AS35,758189
702BR30,21375
702BR30A,758844
702GJ31,760905
702GJ31A,29697
702GJ33,30427
702GJ33A,758579
702GS2027,23854
702GS2031,24072
702HP36,2236
702HR29,2539
702KA31,7524
702KA33,7305
702KL28,2537
702MH29,2670
702ML41,5570
702MP30,760480
702MP35,30431
702OIT40,759507
702PGCIL35,760264
702PN28,2668
702PN30,763773
702RECL40,756741
702TN29,27000
702TN29A,30177
702TN30,8287
702TN31,7533
702UP31,5335
702UP32,759736
702WB31,5039
703AP40,475
703AS31,7512
703CG30,25484
703GJ32,760878
703GJ35,29281
703HP31,7519
703HR35,30430
703HR39,757435
703HR40,21236
703KA32,6104
703KA33,30428
703KL30,21915
703MH38,757548
703MN31,6479
703MP31,2239
703NBFID30,755988
703NL30,21997
703OR31,29278
703PY28,22029
703RJ30,22076
703RJ31,7531
703RJ36,2248
703TN29,25212
703TN29A,28824
703TN30,8321
703TN31,761415
703TN46,3719
703TN51,3722
703TS51,4556
703UP30,22087
704AP33,30424
704AP34,5967
704AP40,3689
704AP41,3692
704GJ30,20359
704GJ32,27327
704GJ33,27660
704GS2029,23919
704HR37,30438
704HR40,757551
704IRFC28,29607
704JK36,3697
704KA32,30422
704KL34,5539
704MH29,2542
704MH40,757552
704ML30,22012
704MP30,21965
704MZ30,22019
704MZ33,2143
704NBFID35,755873
704REC28,29614
704RJ30,22048
704RJ32,30423
704RJ36,4780
704SIDBI29,760722
704TN30,7812
704TN30A,8134
704TN30B,30178
704TS32,7315
704TS51,3767
704UK30,22170
704UP30,22085
704UP31,7534
704WB35,315
705AP31,21237
705AP35,5527
705AP39,757434
705AS30,20774
705AS31,25489
705GJ28,24838
705GJ29,27183
705GJ31,27113
705GJ32,29051
705GJ34,29279
705HP35,2233
705HR38,757549
705HR40,321
705JCL27,759472
705JH30,22198
705KL30,21899
705KL36,5991
705MH32,466
705MN30,21920
705MP32,30420
705MZ29,8130
705MZ35,316
705NL30,21994
705NL31,2242
705OR35,30433
705PFCL41,760808
705PN31,2135
705RJ31,2245
705RJ37,30439
705RJ41,3716
705SFL27,758829
705SFL28,760310
705SFL28A,760035
705TN26,22119
705TN31,759167
705TS35,5526
705TS41,3725
705UK29,25765
705UK31,7535
705UK32,30421
705WB30,22143
705WB31,2265
705WB36,6001
705WB36A,7319
706AP30,20737
706CG29,2740
706GJ29,24839
706GJ30,29995
706GJ32,8189
706GJ33,759385
706GJ34,29057
706GS2028,14970
706GS2041,764295
706GS2046,7184
706HR39,757751
706JK33,6484
706KL38,4790
706KL39,5545
706KL41,4793
706KL55,30454
706MZ34,5992
706OR31A,29698
706RECL35,757575
706RJ35,30434
706RJ38,757750
706TCHE28,760405
706TN29,25006
706TN29A,25105
706TS41,4792
706UK30,22166
706UK30A,27001
706UK32,759986
706WB36,4782
707AP34,29498
707AP36,30412
707AS31,2266
707GJ30,760501
707GJ31,2381
707GJ32,29568
707GJ32A,759026
707GJ33,760004
707GJ34,29499
707GJ34A,759308
707HR37,4784
707JK30,20796
707KA29,27184
707LICH30,756707
707MH32,25491
707MH33,759737
707MP32,460
707RJ46,3763
707TN38,7318
707TN55,757715
707TS52,30452
707TS55,30453
707WB31,764044
707WB37,757926
70826LTF28,759287
708AP35,6485
708AP35A,29520
708AP37,30437
708AP40,6487
708AP40A,757437
708CG29,2380
708CG30,22159
708GJ31,2671
708GJ33,27114
708GJ33B,29708
708GJ34,29569
708HP34,25830
708HR39,30440
708IIFCL35,757058
708JCL28,757345
708JK36,5544
708JK46,27688
708JK46A,757554
708JK55,29301
708KA31,20797
708KA31A,29572
708KA34,468
708KA34A,6212
708KA34B,25831
708KL31,27151
708KL40,30443
708MH31,2383
708MH39,757550
708MP29,8351
708MZ39,757436
708OR33,759306
708PFCL35,759981
708PGC34,25905
708PN34,27320
708PY26,22025
708RJ30,22035
708RJ34,27314
708TFSIL27,760429
708TML28,757123
708TML28A,757125
708TN30,29998
708TN34,27321
708TS42,6488
708TS49,29298
708TS56,757441
708TS57,757442
708UK29,763201
708UP31,2264
708UP32,25829
708UP38,27686
708WB41,6361
709AP35,30429
709AP39,5968
709AS32,8187
709GJ32,8289
709GS2054,24949
709GS2074,27170
709HR29,8569
709HR37,27672
709HR40,30441
709IRFC34,27951
709KA30,20313
709KA30A,27185
709KA35,25827
709KL36,4748
709KL52,757557
709MP30,21991
709PY31,759168
709PY34,25832
709PY40,757438
709RJ32,8191
709RJ35,25825
709RJ43,757553
709RL39,27057
709TN30,8489
709TN30A,30069
709TN32,760064
709TN35,29575
709TN35A,758584
709TN55,757558
709TS34,5343
709TS40,5998
709TS58,756790
709TS59,756791
709TS60,756792
709TS60A,757937
709TS61,756793
709TS63,757924
709UP30,22096
709WB40,472
70AP38,3758
70AP38A,6563
70AP39,318
70AP39A,5567
70AP39B,6564
70CG29,25351
70GA31,6483
70GA31A,7513
70JH33,5983
70JK33,7307
70KA30,25700
70MH28,21944
70MN31,4885
70MN31A,6101
70MN31B,7530
70MP31,5034
70MZ34,5559
70NL31,6103
70NL31A,7316
70OR30,29518
70RJ31,5036
70TN29,30099
70TN31,5336
70TN31A,758712
70TS36,5568
70TS51,2227
70UK31,5040
70UP30,22088
70WB31,5231
70WB31A,6482
710AP34,27328
710BOB33,761108
710GJ30,20099
710GR2028,14971
710GS2029,9047
710JK44,27317
710JK49,28278
710KA32,29048
710KA33,29052
710KA35,25884
710KL42,28256
710NBRD29,760782
710PFCL35,27617
710PFCL36,760803
710PFCL40,759574
710RECL35,28479
710RJ46,28267
710RJ50,29296
710RJ51,29300
710TN34,27664
710TN54,28279
710TS44,27324
710TS45,27325
710TS46,28272
710TS47,28277
710TS50,29299
710TS57,757936
710UK30,22164
710UP30,22083
710UP32,27154
711AP38,25685
711AP38A,27316
711AP38B,29505
711AP39,27323
711AR44,28260
711AS30,20100
711AS45,29294
711BR33,25353
711BR33A,25701
711BR33B,25883
711BR45,29293
711CG30,22157
711GJ31,2721
711GJ33,28815
711HP28,20041
711HP30,20040
711HP34,27313
711JK55,29001
711KA33,29573
711KA35,28220
711KA35A,29500
711MH29,8935
711MH36,25499
711MH38,29061
711ML33,28205
711MP30,21963
711MZ30,22020
711OR37,29504
711PFCL40,27598
711PN44,25833
711RJ34,28211
711SDIL30,759601
711TN34,27153
711TN34A,28825
711TN45,29292
711TN55,29072
711TS45,25834
711TS47,29297
711TS55,29071
711UK30,22169
711WB44,757713
711WB47,756789
7123TCHF27,756823
712AP35,5041
712AP37,4789
712AS32,7691
712AS32A,8295
712AS34,27318
712BR33,25493
712BR34,28213
712BR37,29282
712BR37A,29502
712EXIM30,30489
712GA34,25498
712GA34A,25885
712GA35,25704
712GA36,758408
712GJ32,8324
712GJ35,29237
712GJ37A,29694
712HP36,28226
712HR36,25501
712HR36A,25705
712HR37,27117
712HR40,20775
712HR41,757651
712INBK34,25931
712JK37,8334
712KA33,25767
712KA34,7539
712KA36,28233
712KA37,8196
712KL35,27315
712LTFL27,757970
712LTFL28,757828
712MH36,25356
712MH36A,29501
712MH38,25502
712MH38A,29507
712MH43,25476
712MH47,757928
712ML34,25703
712MN40,30444
712MP35,21966
712MP36,25500
712MP47,29005
712MPL28,759903
712MZ34,5003
712OIT40,759526
712PGCIL34,28615
712PN36,27322
712PN37,8197
712PN45,29295
712RJ39,28235
712SHFL30,758143
712TACA28,759836
712TN30,8352
712TN32,761019
712TN34,25769
712TN34A,27003
712TN55,29242
712TS39,25686
712TS51,29006
712TS54,29070
712UP32,7709
712UP33,758583
712UP33A,759307
712UP33B,759853
712WB36,7548
712WB51,5542
713AP36,4766
713AP36A,6112
713AP39,8335
713AP40,8193
713AP41,8194
713AS31,758713
713AS34,25355
713AS34A,25770
713AS39,25691
713BR32,8298
713BR34,27002
713BR34A,27149
713BR34B,27319
713GA34,27150
713HP39,27116
713HR32,7692
713HR36,25359
713HR36A,27004
713HR42,8336
713JK34,8192
713KA34A,29709
713KA38,8301
713KA39,8302
713KA41,29285
713KL46,4897
713KL58,757744
713MH37,25360
713MH37A,25773
713MH37B,29503
713MH43,25364
713MH48,757935
713MZ39,28241
713PN50,757439
713RJ29,8680
713RJ31,2673
713RJ34,25957
713RJ35,29280
713RJ39,25474
713RJ41,4869
713RJ46,25481
713TN30,8570
713TN34,25956
713TN47,8198
713TS34,8333
713TS36,25357
713TS37,8299
713TS39,27115
713TS49,29069
713TS55,757656
713UK32,29049
713WB40,28250
713WB42,29286
713WB44,29291
714AP33,759386
714AP34,20019
714AP34A,27187
714AP35,7540
714AP36,5044
714AP37,5234
714AP40,7549
714AP41,5236
714AP41A,6115
714AP41B,7550
714AP44,25696
714AP48,25698
714BR30,20016
714BR33,25768
714BR37,29565
714BR45,29236
714CG32,30181
714CG33,29567
714EXIM29,27811
714GA30,20667
714HP33,7536
714HR31,2743
714HR38,29238
714HR38A,29283
714HR38B,29570
714JK36,7543
714JK40,757628
714JK51,28817
714KA29,22218
714KA29A,22225
714KA32,7813
714KL35,7541
714KL45,29240
714KL47,25365
714MH29,21941
714MH39,29508
714MH43,29064
714MH45,757654
714MH46,757655
714MP32,30179
714MP41,757652
714MP43,25477
714MP45,28820
714MZ33,759738
714MZ40,757650
714NHB34,27130
714NL30,759166
714NL30A,760336
714NPC39,28371
714PN32,7708
714PN36,7544
714PN49,25483
714PY30,760335
714PY31A,29707
714PY35,28823
714RJ30,22074
714RJ32,7819
714RJ37A,29695
714SDIL32,758161
714SECIL35,759949
714SK30,22154
714SK34,25771
714TFSIL28,760643
714TN32,8325
714TN34,27190
714TN34A,760013
714TN35,758816
714TN35A,759549
714TN44,28826
714TS33,7538
714TS41,5237
714TS42,25692
714TS49,757740
714TS55,757743
714UK32,29519
714UP30,22095
714UP32,764042
714WB32,7710
715AP31,20772
715AP32,20773
715AP36,20919
715AP37,5004
715AP39,25962
715AP42,27007
715AP47,27009
715AS35,29058
715AS35B,29692
715BR34,25958
715BR34A,28814
715BR35,29059
715BR37,29235
715BR37B,29704
715BR40,29063
715GA30,20546
715GA32,8326
715HP50,757741
715HR28,9333
715HR38,29060
715HR40,757752
715INBK36,761579
715IRFC34,28895
715IRFC39,27121
715JK32,457
715KA31,760615
715KA36,25959
715KA38,29239
715KA42,29002
715KA43,29003
715KL39,25960
715KL40,27005
715MH45,757737
715MH46,757738
715MH47,757739
715MH49,757929
715MN39,25961
715MN39A,28821
715MP35,25772
715MP43,25776
715MP43A,757653
715MZ39,25774
715MZ40,27006
715NBFID35,756169
715NBFID40,759733
715NL34,28822
715OR38,27152
715PN44,25479
715PY39A,29710
715RJ30,22054
715RJ31,2545
715RJ31A,2744
715RJ35,30159
715RJ42,25475
715RJ53,757833
715SHFL28,757896
715SHFL30,757047
715TN27,22120
715TN32,759181
715TN33,30182
715TN35,29241
715UK30,28828
715UP32,7821
715UP35,758818
715UP37,29007
715UP37A,30160
715WB35,22150
715WB40,29009
715WB44,25478
715WB44A,25697
715WB45,25480
715WB52,757742
716AP40,29512
716AP47,25966
716AR44,27205
716AS40,29513
716CG33,30184
716CG34,30185
716GA31,2746
716GJ31,760502
716GS2050,18561
716HR27,15966
716HR37,28816
716HR38A,29706
716JK49,25775
716KA30,20845
716KA31,760560
716KA32,29913
716KA36,8190
716KA36B,29693
716KA40,28818
716KL30,21914
716KL38,29506
716MH50,757930
716MH55,758199
716ML31,2756
716MP37A,29705
716MP40A,29701
716MP44,27206
716MZ35,29574
716NBRD29,763837
716OR50,757831
716PFCL40,28786
716PY40A,29700
716RJ34,27189
716RJ35,759856
716RJ45,25965
716TN32,760337
716TN35,759854
716TN54,25969
716TN54A,27207
716TS47,25967
716TS49,25968
716UBI36,761517
716UP29,22090
716UP31,2759
716UP39,28827
716UP39B,29699
716WB39,28829
716WB42,29010
717AP32,29497
717AP37,28992
717AP38,28993
717AP39,28995
717AP43,25963
717AS31,2548
717BR30,22216
717BR30A,22223
717BR32,8327
717CG30,22160
717GA35,27197
717GA35A,758585
717GJ30,22214
717GJ30A,22222
717GJ32,760841
717GJ34,760067
717GS2028,7208
717GS2030,15050
717HP30,20846
717HR29,20310
717HR30,20849
717IRFC35,30487
717KA29,20573
717KA30,20918
717KL32,8329
717KL38,30161
717KL51,757832
717MH37,29926
717MH54,758198
717ML31,2551
717MP29,21976
717MP31,30085
717MP35,21973
717MP38,29004
717MP41,28819
717OR30,30091
717OR40,30164
717PN30,22212
717PN30A,22220
717PN44,25964
717RECL31,763758
717RJ30,22044
717RJ32,8331
717RJ35,29920
717RJ52,758197
717SHFL30,757565
717SIHF28,758872
717TCHFL30,756825
717TN29,22123
717TN30,8681
717TN33,29914
717TN45,29576
717TR30,22140
717TS41,5090
717UK29,22167
717UK32,30180
717UP31,2676
717UP33,30183
717UP39,30162
717WB32,8332
717WB42,28831
718AP28,20309
718AP33,20020
718AP40,7713
718AP40A,27203
718AS29,20311
718AS30,20146
718BR30,20109
718BR34,27188
718BR45,29566
718BR45B,29702
718CG27,22161
718CG30,22163
718GJ28,16651
718GJ30,20696
718GS2033,18025
718GS2037,17398
718HP32,20108
718HR38,28996
718HR41,2407
718JK45,29571
718JK45A,757927
718KA33,7694
718KL29,21912
718KL50,29523
718KL50A,30172
718MH30,8934
718MH33,758845
718MH38,29929
718MH39,29930
718MN31,2679
718MP30,21972
718MP46,30167
718MP48A,29703
718MP49,30171
718MZ40,30163
718OR46,30168
718RJ29,22060
718RJ30,22072
718RJ38,27201
718SFL28,757900
718SK31,2681
718TN33,760065
718TN35,30070
718TN36,29924
718TN45,30165
718TN55,29524
718TN55A,29579
718TN55B,30173
718TS33,7690
718TS47,29521
718TS49,29522
718TS51,4900
718UP30,22213
718UP30A,22221
718UP35,759855
718WB35,22144
718WB39,27202
718WB41,27204
718WB45,30166
718WB46,30169
718WB47,30170
719AP34,20147
719AP38,5005
719AS34,28813
719BR45,29514
719CG35,29922
719CG35A,760014
719GJ33,760275
719GS2060,18474
719HR37,27199
719HUDCO28,29650
719JCL28,757898
719JK29,20959
719KA32,760503
719KA32A,760906
719KA39,2768
719KA40,2771
719KL51,5479
719LT34,27376
719MH40,29932
719ML41,4895
719MP38,27200
719MP40,21967
719OR35,29919
719OR40,29935
719PN37,7714
719PN40,757784
719PN45,29515
719PN49,757914
719RECL31,761311
719RJ35,30097
719SK31,2384
719TN30,22125
719TN32,8491
719TN32A,25106
719TN33,759182
719TN34,24895
719TN35,22110
719TN42,8337
719TS44,758194
719TS46,29516
719TS49,758196
719UP29,22092
719UP31,2552
719UP36,27198
719WB29,22148
719WB36,2762
71ABHFL27,757995
71AP37,469
71AS45,30447
71GS2034,23463
71HP40,30442
71HR33,759217
71JK30,20018
71JK33,4894
71JK33A,5342
71KA32,7693
71KA32A,25766
71KL34,25702
71KL43,30445
71KL45,757714
71MH32,313
71MH32A,25764
71MH33,25352
71MH36,5232
71MN40,757712
71NL35,30432
71PN45,30448
71RJ34,25494
71RJ43,30446
71SK35,30435
71TN32,8292
71TN32A,27186
71TN34,25354
71TS55,757440
71WB30,22151
71WB45,30449
71WB46,30450
71WB47,30451
71WB50,757555
71WB51,757556
72092LTF27,757045
720AR30,20518
720AS30,20358
720CL30,760528
720LT35,29233
720MH34,25010
720ML30,22010
720MZ30,22015
720NHB31,28493
720NHPC35,29266
720PFCL36,760804
720PFCL41,760809
720RECL35,29155
72190LTFL2,760211
721AP31,20575
721BR33,25214
721GJ35,30005
721KA32,8012
721MH35,24885
721MP34,21977
721PY28,22024
721RJ32,8013
721SK35,760015
721TN32,29999
721TN32A,760769
721TN34,24841
721TR29,22139
721TS47,758123
721TS48,758195
722AP28,22031
722AP30,22030
722AP31,22215
722AP31A,22032
722AP34,30001
722AP35,30003
722AP37,2395
722AP42,7715
722AS29,20915
722AS30,20850
722AS32,761411
722BR35,29132
722BR40,29121
722BR40A,758190
722GA29,20916
722GJ28,16781
722GJ35,29107
722HP39,25215
722HPCL29,25014
722HR38,29120
722HR38A,29928
722JK32,30072
722KA32,29997
722KA35,7707
722KA35A,30008
722KA36,29114
722KA38,2398
722KA38A,2578
722KL59,25005
722MH34,24752
722MH45,24890
722MH49,24997
722MH50,24891
722MP42,30086
722MP43,758193
722MP45,24994
722MP48,758187
722OR36,30010
722PFCL39,25437
722PN32,21893
722RJ32,8492
722RJ34,25011
722RJ35,30006
722RJ41,2413
722SIDBI29,760903
722TFSI28,760431
722TN32,760563
722TN33,30000
722TN35,29108
722TN54,25001
722TN54A,25217
722TS38,25213
722UCL34,27181
722UP30,22089
723AP34,25107
723AP46,24995
723BOB35,29167
723BOI35,761206
723DMEDL34,27711
723EXIM31,761526
723GA32,7871
723GA34,25009
723GJ27,24096
723GJ33,761321
723GS2039,23518
723HR39,30081
723JK51,24892
723JK54,25000
723KA28,21710
723KL45,25216
723LTFL28,758298
723MH35,25090
723MH40,24888
723MH41,29123
723MN32,7855
723MP42,757785
723MP47,30087
723MZ38,25218
723MZ40,29122
723OR47,30096
723PN31,2557
723PN37,29115
723RJ33,25008
723RJ35,758820
723RJ38,30098
723RJ46,24996
723SBI39,27128
723SK35,759218
723TN32,8573
723TN33,760613
723TN34,24753
723TN35,760341
723TN55,30083
723TS49,30077
723TS52,30100
723TS53,30079
723UK32,30075
723WB30,22147
723WB32,7857
723WB41,2414
723WB49,24998
724AP33,21644
724AP35,21645
724AP36,25012
724AP38,7711
724AR45,30078
724AS30,20917
724AS31,2389
724AS45,30101
724BR31,758925
724BR32,7870
724BR33,24894
724BR37,29925
724CANF28,758171
724GJ29,21169
724GJ33,759910
724GR2033,20448
724GS2055,758674
724HR29,20519
724HR36,24886
724HR36A,25013
724INBK34,25318
724JK36,2563
724KA37,2691
724KA38,2693
724KL40,25097
724KL41,758192
724KL43,30082
724KL44,29126
724MH34,758846
724MH39,24990
724MH40,25098
724MH44,29125
724MP45,758122
724OR32,760504
724PFCL31,761028
724PFCL35,29537
724RJ31,760481
724RJ32,7899
724RJ32A,8136
724RJ32B,8574
724RJ34,25109
724RJ35,760091
724RJ36,2560
724RJ36A,760016
724SFL28,759714
724SK32,8493
724TFSIL27,759349
724TN30,24665
724TN31,761549
724TN32,7904
724TN51,5091
724TS51,5045
724UP32,7856
724UP33,760276
724UP36,759739
724UP40,30071
724WB42,24889
725AP37,25095
725AP44,25099
725AP47,25104
725AS44,25100
725BACL28,760815
725BR33,25007
725GA35,25089
725GA36,759550
725GJ32,8354
725GJ34,758716
725GR2028,20151
725GS2063,16733
725HP33,24751
725HR32,8355
725HR36,25094
725HR39,24887
725IOCL30,29035
725IRFC34,25031
725IRFC35,11748
725IRFC35B,29180
725KA31,761551
725KA32,760663
725KA33,761012
725MH37,759740
725MH44,24993
725MH45,25101
725ML34,25108
725MPL29,759901
725MZ34,8359
725NBFI40,29525
725OR33,758714
725PFCL45,29539
725SIHF28,758292
725TN27,22127
725TN32,8357
725TS28,22210
725TS38,25096
725TS41,2581
725TS46,25103
725UK32,7907
725UP39,30021
725WB41,2657
725WB45,25102
726AS29,21034
726AS39,24988
726BOB34,25176
726BR33,24840
726GJ29,21032
726GS2029,8027
726GS2032,10722
726GS2033,14051
726HP29,16638
726HP35,30084
726HR32,8575
726HR36,24755
726HR39,30014
726IIFCL34,27038
726IRMT45,756724
726JCL30,759872
726JH27,22196
726KL39,24989
726MH30,15973
726MH41,759389
726MH42,759391
726MH49,24763
726MH50,25110
726MP35,24754
726MP38,24987
726MP39,30019
726MZ40,758191
726NTPC40,30263
726PN36,24985
726PN37,24986
726TN35,759027
726TN55,30025
726TS35,24842
726UP29,22082
726WB34,22146
727ABL35,760037
727AP36,759387
727AP41,24991
727AR32,7897
727AS29,21550
727CG35,30007
727GJ31,15744
727GJ34,760339
727HP35,758717
727HR30,9344
727JK49,24837
727KL59,24764
727MH30,21942
727MH34,24647
727MH36,759029
727MH39,24756
727MH44,24759
727ML32,8576
727MN36,24984
727MP45,29991
727MP48,29993
727MZ33,2683
727NBRD29A,761536
727NGEL36,764077
727NL35,30088
727OR41,30024
727PFCL31,25435
727PY33,30076
727RJ29,22034
727RJ30,22064
727RJ42,24992
727SHFL27,756006
727SK32,7900
727TCHFL28,756994
727TN32,24646
727TN54,24204
727TS47,29992
727TS49,29994
727UP41,29989
72841ABH30,759874
728AP32,753690
728AP36,30009
728CG34,30002
728GA37,759219
728GJ29,21214
728HP47,757830
728IREDA35,29196
728IRFC30,11730
728IRFC40,29641
728JH36,2688
728JH37,8360
728JK30,21646
728JK54,24205
728KL30,21908
728MP45,24760
728NTPC30B,10741
728OR49,759377
728PHFL28,760200
728RECL40,29629
728SK30,22155
728TFSIL28,760078
728TN33,761416
728TS35,7815
728TS38,24843
728TS45,24836
728TS46,24762
728UP29,22098
728UP32,7905
728WB39,30074
72959ABC28,757415
729AP30,21643
729AP34,8930
729BR30,21642
729CG30,16640
729GA29,22217
729GA29A,22224
729GJ32,8683
729GJ34,761456
729GR2033,14973
729HP31,16641
729HR29,16220
729HR37,759220
729JK45,24761
729KA34,7823
729KA36,2566
729KA37,2575
729KA39,2656
729KL49,16092
729KL51,16655
729MH35,760289
729MH50,758832
729ML29,22013
729MP30,21980
729MP35,21950
729MZ33,7898
729NHB31,29268
729NHPC32,760250
729NHPC33,760535
729NHPC34,760537
729NHPC35,760539
729NHPC36,760541
729NHPC37,760543
729NHPC38,760545
729NHPC39,760547
729NHPC40,760603
729NHPC41,760605
729NL29,21998
729PN33,760012
729RJ32,8684
729RJ34,24648
729RJ37,759858
729SIDBI29,764113
729TN53,16656
729TN54,24664
729TR36,2690
729TS40,24766
729TS42,24758
729UK29,22171
729UP29,22099
729WB29,22153
729WB38,30073
72AP30,20574
72AP36,29923
72AS29,20960
72AS40,29931
72AS45,29939
72CG34,29917
72GA31,2386
72HP35,20844
72JH32,761455
72JH35,2391
72JK29,20312
72JK47,29131
72KA31,20017
72KA37,29927
72KL42,29937
72KL56,4899
72MH28,15971
72MH34,760068
72MH36,758815
72ML29,22011
72MN40,29933
72MP33,760066
72MZ29,22018
72MZ31,24893
72NL29,21996
72OR32,29996
72OR45,29940
72RJ42,29938
72RJ46,2584
72SK35,29921
72TN31,22124
72TN35,760069
72TN36,759857
72TN55,29941
72TS51,2659
72UP31,2387
72UP40,29936
72WB30,22142
73064ABH28,756769
730AS29,21213
730BTL27,759920
730JK29,21651
730KA32,8137
730KL52,24663
730MH38,24651
730MH39,24653
730NIIF28,757567
730PFCL34,25123
730PFCL41,760810
730PN31,21894
730RL31,764178
730SICC28,757531
730SICC28A,757595
730SIHF28,759482
730SPRL27,760157
730TCHFL28,760959
730TMCL29,764193
730WB29,22152
731AP42,8366
731AP44,24202
731BR45,759309
731DL33,764247
731JK45,759310
731KA33,760879
731KA35,7816
731KL32,8686
731KL40,24757
731MN37,760017
731MZ41,759390
731PFCL36,760861
731PY35,7822
731RECL39,24979
731SDIL40,756880
731TN33,760770
731TN33A,760907
731TN34,758930
731TN54,24424
731TS42,24192
731TS50,24662
731TS60,22206
731WB34,22141
732AP43,15780
732AS32,8138
732CG37,30011
732GS2030,20136
732HR33,16648
732HR36,24420
732HR36A,24488
732IREDA29,25989
732KA33,760506
732KA33A,760768
732KA34,8006
732KL41,24191
732KL53,16398
732MH32,16227
732MPL30,759905
732PFCL39,24899
732RJ34,24422
732RJ35,759028
732RL35,30198
732TN33,16029
732TN53,16274
732TS36,24487
732TS48,15783
732TS49,16397
732WB38,30013
733AP33,16647
733AP39,24652
733AP40,24491
733AP42,16653
733AP43,16654
733AP43A,24493
733AS32,8688
733GA39,24419
733GS2026,19685
733HR36,24183
733JH34,759183
733JK51,24105
733KA33,760842
733KA37,7858
733KA40,7859
733KL54,24571
733MH31,16224
733MH34,760880
733MH44,24657
733MP42,7861
733NL33,16035
733RJ31,761548
733RJ43,24198
733RJ44,24203
733TN32,24562
733TN33,15749
733TN52,8007
733TN52A,8371
733TN54,22115
733TN57,8372
733TS40,24490
733TS42,24570
733TS60,758411
733UP33,16049
734AP29,15475
734AP35,24182
734AP40,8932
734AP44,24656
734AP48,23883
734AP49,23884
734AP49A,24660
734AS33,16019
734AS33A,16645
734AS35,30004
734CG40,758817
734GA32,8692
734GA35,760340
734GS2064,23558
734HR31,16784
734HR36,24650
734IREDA29,758404
734IRFC28,29323
734JK54,23882
734KA34,760564
734KL55,23876
734MH31,16782
734MH34,759912
734MN32,8140
734MN32A,8695
734MP33,760843
734MP34,761015
734NL32,8698
734NRL35,759071
734OR33,760616
734PN32,24666
734PN35,24649
734RJ33,16062
734RJ33A,16646
734RJ34,24181
734RJ45,23881
734RJ45A,24658
734RL30,27059
734SIDBI29,25591
734TN29,23869
734TN34,24563
734TN34A,760508
734TN43,16939
734TR36,2394
734TS34,7874
734TS35,8495
734TS37,24566
734TS38,760018
734TS44,17328
734TS46,17329
734UCL28,30039
734UCL30,30034
734UK32,8689
734UP32,8693
734WB39,24185
734WB42,24197
735AP36,760095
735AP39,15759
735AP40,16935
735AS39,24567
735BTL27,759271
735CG30,22162
735EXIM28,29264
735HP34,24486
735HR33,16064
735HR39,759221
735IRFC31,15112
735JH38,8498
735JK40,758409
735JK46,24659
735JK49,24050
735JK51,24492
735KA36,7872
735KA39,2400
735KA40,2404
735MH31,761643
735MH32,16785
735MP29,21982
735MZ37,24489
735NABAR31,20032
735NHAI31,11954
735NHB32,29954
735PFCL35,19972
735PGCIL34,23061
735PY27,22741
735PY30,22028
735PY33,8358
735RECL34,24075
735RJ43,16374
735RJ49,24661
735SFL27,756008
735SK32,8699
735SPRL28,760159
735TCHFL35,759222
735TN33,16796
735TN33A,17323
735TN34,24332
735TN43,16814
735TS30,22208
735TS36,24102
735TS38,24104
735TS40,24568
735TS45,16815
735UK30,22202
735UP34,8702
735UP39,759230
735WB30,22177
735WB40,24654
735WB43,24655
736AP34,16066
736AP37,16649
736AP38,16808
736AP38A,17325
736AP41,24338
736AP45,24340
736AP48,24343
736CIFL28,760106
736GA33,16797
736GA34,24564
736GS2052,10931
736HR33,16364
736HR33A,16801
736HR34,24101
736IOCL29,24484
736IRED39,25201
736JK35,16929
736JK46,24341
736JK49,23102
736KA34,23083
736KA39,7910
736KL36,23874
736KL38,17327
736KL41,17459
736KL54,23104
736MH28,15009
736ML32,16289
736MP33,16229
736MZ38,16934
736MZ38A,17326
736MZ39,24186
736NBFID44,24834
736PFCL28,19974
736RJ33,16346
736RJ34,24565
736RJ37,23877
736RJ41,17460
736RJ46,24423
736SBI39,24455
736SBOI39,24282
736TN43,17463
736TN54,23105
736TS36,8703
736TS37,24337
736TS41,16809
736TS50,23103
736UP36,760096
736WB32,8701
736WB40,24569
736WB41,17461
736WB43,16379
737AP33,16290
737AP33A,24330
737AP34,760266
737AP36,24335
737AP38,8122
737AP42,8123
737AP43,15578
737AS33,15750
737AS34,23871
737BR30,17322
737CG31,762421
737CG33,760338
737GA36,759320
737GR2054,21735
737GS2028,19566
737IREDA31,27226
737IRFC29,24672
737JH31,22197
737JK35,16069
737JK38,16650
737KA34,759913
737KA37,23091
737KA38,7908
737KA38A,23092
737MZ39,23878
737NBFID29,751715
737NBRD35,29947
737NL33,16235
737NL33A,16802
737NTPC35C,10744
737PN36,23875
737PN38,16367
737PN42,8718
737RJ30,763734
737RJ34,8578
737RJ34A,23082
737RJ34B,23872
737RJ39,23879
737RJ45,23101
737SK33,16239
737TS36,8121
737TS41,23096
737TS42,24339
737WB40,23880
738ABCL28,757148
738AP35,16244
738AP40,15572
738AP44,23818
738AP49,24002
738CG32,23078
738CG34,23080
738CIFL27,757343
738GA33,17324
738GJ30,15260
738GJ30A,16973
738GJ35,761453
738GJ35A,764146
738GS2027,9913
738HR31,761756
738HR34,24056
738HR35,23087
738HR41,759232
738JK49,24421
738JK51,23812
738KA34,759914
738KA34A,760881
738KL44,23099
738KL55,24003
738NL31,761550
738PFC32,29721
738PGCIL34,24560
738PN33,24331
738PN34,24333
738PY38,23093
738PY38A,24048
738REC27TF,29111
738RECL29,31927
738RJ33,24098
738TFSIL28,758734
738TN33,23870
738TN34,23873
738TN54,23000
738TS43,22988
738TS49,22999
738UP34,23086
738UP36,23089
739AP29,22604
739AP30,23421
739AP33,15526
739AP35,16806
739BR39,23095
739CG33,23079
739GA35,759184
739GJ34,753720
739HP34,23081
739HR29,15256
739HR31,15500
739IREDA39,24580
739IRFC34,24474
739JK37,8496
739JK37A,759388
739KL34,23085
739KL52,16998
739ML26,12289
739ML34,24334
739MN35,16250
739MN36,24336
739MP34,764245
739NHAI31A,14522
739PN33,24099
739RJ48,16995
739SIDBI30,30267
739TN32,24054
739TN33,15503
739TN33A,16928
739TN33B,17454
739TN34,760618
739TN34A,764145
739TN42,8719
739TN52,8502
739TN53,17003
739TPL28,760131
739TS39,16652
739TS51,16997
739TS59,22203
739UK30,24051
739UP37,8705
739WB42,23098
739WB44,23100
73AP37,759594
73AP38,16071
73AS39,24765
73BOB34,24975
73GS2053,16865
73HP30,21051
73JH33,764036
73KL33,764037
73OR39,30020
73PN34,21717
73RJ30,22066
73RJ51,758819
73TACA30,759838
73TFSIL29,760393
73TN32,8685
73TS51,759378
73UK32,759319
73UP30,22091
73WB39,30022
740BTL29,759922
740EXIM29,23050
740IIFCL33,20052
740IREDA36,29942
740SIHF28,757029
741AP30,15262
741AP47,23759
741AR34,23084
741BOI34,27278
741GA33,17455
741GJ26,11588
741GJ37,761326
741GS2036,13194
741HP36,23090
741HR40,760019
741JK42,759491
741JK49,23760
741JK53,18687
741KA36,22996
741MN35,17458
741NIIF31,760474
741PN34,16804
741PN34A,24057
741PN42,8501
741RJ33,17456
741RJ34,23814
741RJ39,18335
741SK35,759185
741TN36,761322
741UP34,16803
741WB39,18334
741WB42,18686
74242ABC30,757417
7425NIIF30,759144
742AP41,16988
742AP43,16993
742AP43A,23680
742AP44,23681
742AP45,23757
742AP46,23758
742AS34,22991
742BR31,760253
742BR35,764031
742CG31,16976
742GJ31,22608
742GJ33,22697
742HP38,18409
742HR32,761552
742HR34,23815
742HR35,22994
742KA32,23342
742KA35,22993
742KA35A,760509
742KA39,22880
742KL34,8579
742KL43,17257
742KL46,24342
742KL49,23216
742KL64,23218
742MH34,23540
742MH37,23541
742ML32,16977
742MP44,22872
742MP45,22881
742MP46,22882
742PFC28,29719
742RJ32,23813
742RJ39,22869
742SIDBI29,29600
742TN33,17221
742TN34,22866
742TN34A,23423
742TN35,760267
742TN43,16992
742TS41,23210
742TS48,23683
742WB36,759030
74342PHF30,757702
743AP31,15264
743AP35,17457
743AP39,16987
743AP41,17250
743AP42,17251
743AP42A,23679
743AP42B,24010
743AP44,24012
743AP46,24001
743BR39,22870
743BR55,758410
743CG29,22694
743GJ27,21133
743GJ31,22693
743GJ35,755612
743GS2076,760649
743HP28,10559
743HR34,24005
743HR39,759188
743HR39A,759323
743HR41,8364
743JK46,24013
743JK53,17850
743JK53A,18519
743MH35,22877
743MH36,22878
743MH39,23429
743MH40,760072
743MN36,23816
743MP43,759031
743MZ36,16261
743MZ37,16268
743NBFID34,24364
743NIIF30,757569
743OR40,759189
743PHFL28,759939
743PN48,17114
743PN48A,17841
743REC35,19926
743RJ31,763283
743RJ34,23997
743RJ44,22873
743RJ48,17113
743RJ49,18916
743TN32,24004
743TN33,18404
743TN34,23326
743TN34A,23674
743TN36,759916
743TN43,17670
743TN47,8587
743TN53,17671
743TN53A,18922
743TS33,15265
743TS41,17840
743TS41A,23678
743TS43,24011
743TS50,17115
743TS54,22211
744AP33,18400
744AP35,760268
744AP36,18681
744AP39,22701
744AP39A,22754
744AP40,18411
744AP42,8721
744AP43,17669
744BR40,759741
744CG29,22742
744CG30,22692
744GA33,18327
744GJ33,761553
744HP34,23999
744HR27,12657
744HR32,17220
744HR33,18323
744HR35,18407
744HR36,22879
744HR41,759325
744IREDA34,24179
744IRF34,24065
744IRFC34,22887
744JH41,759191
744JK38,17223
744JK53,17672
744KA33,23344
744KA34,22868
744KA35,8120
744KA36,759917
744KA36A,761325
744KL50,759037
744MH34,760844
744MH41,23430
744MH42,23432
744MH42A,23496
744ML31,17116
744ML35,760093
744MN35,18406
744MP34,760908
744MP35,18703
744MP35A,761457
744MP38,760070
744MP40,22756
744MP46,759033
744NBRD28,25441
744NBRD29,761425
744PFCL30,29969
744PFCL34,23920
744RJ33,17122
744RJ33A,18322
744RJ33B,759909
744RJ34,22867
744RJ34A,23346
744RJ36,18408
744RL28,30196
744SIDBI28,25890
744TN33,15310
744TN33A,17119
744TN33B,17835
744TN34,22747
744TN34A,23193
744TN34B,23998
744TN44,23213
744TN55,758582
744TN55A,759337
744TN55B,760027
744TS30,23189
744TS36,23427
744TS39,17224
744TS39A,18410
744TS40,23996
744TS41,23756
744TS45,18538
744TS46,22706
744TS47,759034
744TS48,759035
744TS49,759036
744TS51,23497
744TS51A,759039
744TS53,23498
744TS56,759338
744TS56A,759746
744TS58,759318
744WB41,22871
744WB42,19000
744WB44,22874
745ABL34,25143
745AP33,17643
745AP33A,23754
745AP34,18332
745AP37,9345
745AP38,22700
745AP40,10962
745AP40A,17668
745AP40B,23755
745AP42,10963
745AS31,22695
745AS33,17117
745AS33A,17642
745BR31,18320
745BR32,10956
745BR34,758847
745BR45,759032
745BR50,759038
745BTL28,759273
745CG33,22864
745DL36,761385
745EXIM28,22661
745GJ30,20277
745GJ31,18938
745GJ34,761555
745HP33,17118
745HP40,759859
745HP44,23424
745HR32,10955
745HR33,18694
745HR35,18333
745HR35A,18680
745HR35B,23202
745HR42,759192
745ISL28,760005
745JK53,18105
745JK54,22760
745KA35,23201
745KA37,23205
745KA40,22757
745KL39,18999
745KL40,17653
745KL50,760025
745MH37,23206
745MH38,23208
745MH38A,23536
745MH39,23354
745MH39A,23537
745MH41,23495
745ML34,24006
745MP36,761323
745MP41,759742
745MP44,18912
745MP44A,22758
745MP44B,759744
745MP45,22759
745NBFID36,760989
745NL34,24000
745PFCL28,30144
745PN34,16981
745PN34A,18405
745RECL35,24502
745RJ30,22036
745RJ33,15309
745RJ40,24009
745RJ44,18911
745RL34,23532
745SDIP36,760797
745SFL29,761430
745SICCL30,758950
745SK32,10966
745TIL35,757842
745TN43,17112
745TN55,760388
745TOPL28,760645
745TS30,10902
745TS30A,17637
745TS40,17667
745TS47,18098
745TS48,760024
745TS53,760026
745TS57,759597
745UK30,22165
745UP33,15314
745WB42,23211
745WB44,23214
745WB44A,758581
746AP27,9530
746AP34,17124
746AP38,18216
746AP38A,23682
746AP41,18539
746AP41A,22622
746AP41B,23431
746AP42,23433
746AP43,17111
746AP43A,23434
746AP44,23425
746AS31,23341
746BR45,760023
746CG31,22696
746CG32,23190
746CG33,22698
746GA33,18696
746GA38,18522
746GS2073,19808
746HP36,23995
746IRFC29,23157
746JK45,759745
746JK49,22707
746KA36,760269
746KA38,23209
746KL48,15324
746MH33,18531
746MH35,22751
746MH41,23330
746ML34,23426
746MP32,10957
746MP38,18527
746MP38A,18994
746MP39,18536
746MP43,759743
746MZ39,18221
746PN33,22865
746RECL36,754372
746RJ33,18939
746RJ34,23194
746RJ38,759322
746RJ42,23212
746RJ51,759334
746SK33,18701
746TN35,761478
746TN55,759596
746TS30,18690
746TS42,18537
746TS42A,760021
746TS45,22625
746TS48,10964
746TS48A,15333
746TS49,10965
746TS53,759196
746UK34,22875
746UP32,23191
746UP34,22876
746UP37,760383
746UP39,23542
746WB39,18998
746WB40,8499
746WB46,15323
747ABCL29,757146
747AP32,17852
747AP37,15267
747AP37A,23677
747AS28,18203
747AS33,18401
747AS34,23197
747AS45,759194
747BR39,22755
747CG30,18689
747CG30A,22743
747CG31,22744
747CG32,23343
747CG33,23192
747CG33A,23345
747CG34,23195
747CG34A,23347
747GA33,18403
747GA34,23198
747GA38,16982
747GJ28,21152
747GJ36,760630
747HP33,23673
747HR33,18529
747HR33A,18946
747HR35,17222
747HR36,22699
747HR40,758850
747IIFCL27,27035
747JK40,759190
747JK44,23215
747KA36,760058
747KL37,18215
747KL39,18097
747KL42,17104
747KL50,23643
747MH34,18528
747MH36,22752
747OR36,760511
747PN32,23753
747PN34,17127
747PN37,24008
747PN43,15319
747PY37,22753
747RJ33,23325
747RL34,22813
747SIDBI29,25132
747TN36,760512
747TS31,10904
747TS32,17834
747TS36,23676
747TS41,17103
747UK33,18402
747UK34,23196
747WB43,15320
747WB44,759193
747WB46,759195
748AP33,758928
748AP34,758929
748AP35,760619
748AP38,8363
748AP38A,18518
748AP44,22704
748AP44A,23589
748AS35,760884
748BR39,758580
748CG32,22745
748GA36,758849
748HP33,10958
748HR34,23547
748HR35,18954
748IRFC34A,22735
748JK54,22626
748KA33,22746
748KA35,760621
748KA37,761013
748KA37A,759700
748KL45,759595
748MH35,22613
748MH37,760059
748MH42,23331
748MH45,760295
748ML34,23675
748MP29,18923
748MP40,22620
748MP41,22623
748MP42,758883
748MP45,759330
748MZ36,759186
748NABF28,30265
748NIIF33,760813
748NL34,23199
748PN31,760662
748PN34,18521
748PN35,24007
748PN37,23428
748PN42,9099
748PY36,759187
748RJ34,22748
748RJ37,23207
748SIDBI29,28795
748TS42,23588
748TS50,23335
748UK33,18532
748UP34,22749
748UP36,23203
748UP40,23543
748UP42,23544
748UP44,23545
748WB37,7911
748WB43,22703
748WB44,22705
748WB44A,760022
749AP36,22615
749AP39,22618
749AP40,23587
749AP44,23641
749BR31,18204
749BR31A,18691
749BR39,22702
749CG30,18932
749CG35,23349
749GA33,18209
749GA33A,18945
749GJ26,11273
749GJ28,14812
749HP34,10959
749HR33,18081
749HR35,23348
749HR36,22616
749IGT28,3442
749JH36,761413
749KA35,760845
749KL36,23351
749KL39,23586
749KL40,759324
749KL45,19178
749KL56,758586
749MH30,15015
749MH36,22617
749ML27,13239
749MN35,15315
749NL34,22750
749OR36,760774
749PFC34,22795
749PN32,23422
749PN35,18993
749PN35A,760094
749PN37,18088
749PN40,759231
749RCFL28,757761
749RJ34,17652
749RJ35,758718
749RJ36,761459
749RJ40,23327
749RJ44,23642
749SIDBI29,29949
749TN34,23584
749TN44,23640
749TS35,22614
749TS39,760071
749TS44,19177
749UP34,18210
749UP34A,22610
749UP36,23350
74AP31,15477
74AP32,16923
74AP41,23817
74AP43,18413
74AS33,15508
74BR30,17446
74BR35,760092
74BR39,22986
74CB34,24514
74CG30,16974
74CG35,764032
74GA37,758719
74GJ26,20926
74GJ27,18688
74GJ36,759915
74GJ36A,760885
74GS2035,6874
74GS2062,10981
74HR33,16979
74HR37,8580
74JK44,22997
74KL37,8713
74KL41,18336
74MH31,16975
74MH32,16978
74MH35,22992
74MH36,22995
74ML27,13118
74MP34,16805
74MP35,760882
74MP46,759492
74MP47,759493
74MZ39,22985
74PFCL30,28791
74PFCL35,29971
74PY30,24053
74RJ41,18337
74RJ42,22987
74SIDBI31,754233
74TN34,22990
74TN35,760883
74TN42,8590
74TN54,23217
74TS43,18412
74TS45,16994
74UP33,17453
74WB38,8584
74WB42,18283
74WB44,22989
7505SDIL31,764306
750AS30,20278
750BOI35,29685
750GA30,20218
750GS2056,763146
750IRFC35,11757
750MZ30,22016
750TCSL28,757759
750TN29,22107
750TN32,763285
750TN36,760664
750TN36A,760631
750TS28,22189
751AP36,764147
751AP41,23639
751CG32,22609
751GJ38,764148
751HR29,13122
751HR41,758851
751HUDCO28,29312
751JK40,760020
751JK45,758885
751JK54,23338
751KA36,760568
751MN35,18084
751MP38,19169
751MP48,759332
751NHB31,23626
751PN36,18087
751PN37,23585
751RJ34,22611
751SIDBI28,27211
751UK35,760773
751UP38,23353
751UP39,760384
751UP40,23329
751UP40A,760082
752ABCL30,759069
752AP37,760441
752AP38,8974
752AP39,17102
752AP42,8977
752AP43,22624
752AS34,22612
752BR31,18933
752BR36,758848
752BR39,22619
752GA37,761460
752GA39,23357
752HP39,23355
752HR34,23632
752HR39,758720
752HR41,760293
752HR42,760294
752KA37,760514
752KL33,758715
752MZ40,22621
752PN35,18083
752RJ34,23633
752RJ35,760620
752RJ36,759919
752RJ37,23637
752RJ39,23638
752RJ44,23333
752TN33,19162
752TN55,760090
752TS36,760271
752TS52,760089
752TS54,759336
752UP39,23356
752WB39,23328
752WB44,760387
75343PHF31,760724
753AP36,23634
753AP36A,760566
753AP37,761006
753AP40,760083
753AS27,10195
753AS29,21259
753AS32,10906
753BR32,10923
753HR30,10855
753HR33,19179
753HR38,761327
753ICICI34,24328
753IRED34,23006
753IRFC30,11754
753KA38,760442
753KL50,23336
753NTPC30E,10749
753PHFL30,756821
753PN36,23635
753PN37,23636
753RECL34,23749
753SK36,760057
753SK36A,761324
753TN37,760633
753TN53,14280
753TS39,763774
753TS47,13051
753TS52,759335
753WB44,23334
7545NIIF28,761299
754AP29,13712
754AP42,760447
754AS28,10646
754AS28A,20722
754AS34,23631
754BOI34,24516
754BR33,758927
754CG31,19180
754CG36,760665
754CG38,759701
754GIL29,756874
754GS2036,9585
754HR40,760444
754KA37,760775
754KA39,759703
754KA41,13050
754KL55,23339
754MH37,760847
754MN38,760443
754MP46,760476
754MP48,760088
754PN32,23630
754PN34,759911
754RJ33,19191
754RJ35,760510
754RJ36,760513
754RJ53,758665
754TN36,760910
754TR40,760445
754TS33,763071
754TS51,758664
754TS53,758666
754TS55,758710
754UK33,19163
755AP29,12661
755AR45,760296
755AS32,11095
755BR32,11094
755BR32A,13038
755DDL39,22944
755GA32,13124
755GJ30,13366
755GJ31,20724
755JK38,13779
755KA35,760909
755MH34,763065
755MP35,19165
755PFC27,23109
755PGCI34,23571
755PN32,23583
755PN33,753693
755RECL26,24805
755TCSL28,759146
755TN36,761564
755TN53,14117
755TN54,22509
755TPREL40,756992
755TS30,13770
755TS32,19185
755TS46,760087
756AP39,763775
756AS36,764242
756AS45,760473
756CG37,760666
756HP39,764034
756HP40,758721
756HP40A,760446
756IIFCL28,29631
756JK48,20230
756JK53,19521
756KA36,760911
756KL39,764038
756KL44,760472
756MP39,759704
756NIIF31,761301
756OR38,760634
756PY35,760382
756RECL27,24500
756RJ33,15095
756RJ41,759326
756RJ48,14113
756SK36,761458
756TN53,14357
756TN53A,20933
756TN54,21548
756TS40,11160
756TS48,14112
756UP35,19168
756WB39,11159
756WB42,11161
756WB42A,760084
756WB45,759328
757AS32,13112
757AS36,760567
757BOB24,22234
757BR49,759333
757DL36,755625
757GJ26,11866
757GJ31,13369
757GJ32,13773
757GS2033,10046
757HP31,10526
757HP32,13117
757HR30,12664
757HR40,760637
757IREDL29,23155
757IRFC29,21621
757JK34,11096
757LICH29,25849
757LICH29A,758471
757MH31,13913
757MH36,761561
757ML34,760288
757MP43,758724
757MP45,758725
757NHB31,21394
757PN37,759321
757RJ35,753729
757RJ43,758723
757TN33,13715
757TN38,761475
757TN53,14455
757TS31,13772
757UP36,760846
757UP38,761474
757WB46,760477
758ABHFL35,758141
758AP40,10911
758AP42,10913
758AS33,15016
758BR32,13113
758BR43,759327
758CIFL30,759486
758GA37,10912
758GA37A,11097
758GJ26,20367
758GJ32,20927
758HR30,13241
758JH31,13368
758JK50,19907
758KA40,761329
758KL49,14355
758KL50,758728
758LICH35,29200
758LICH35A,30277
758MP38,764246
758NL33,15021
758PN42,10907
758RECL29,23894
758RJ48,14354
758SDIL31,25982
758SK39,764041
758TN35,761559
758TN37,760913
758TN54,21841
758TN56,760590
758TN56A,760772
758TS41,20745
758TS45,14353
758TS48,760757
758TS53,760523
758UK38,761050
758WB35,764250
758WB42,760471
759AP33,13717
759AP43,760753
759AP44,760085
759AP47,760588
759AS36,760632
759AS39,760385
759CG30,22158
759CG36,760912
759CG46,760587
759GIL30,756876
759GS2029,7130
759HP38,14276
759HR35,19166
759IRDA34,23250
759IREDA34,22820
759KA38,13049
759LICH31,751729
759LTFL28,756025
759MN35,18991
759MP38,14277
759MP38A,760570
759MP44,760583
759NH27,24114
759NHB27,23913
759OR46,760777
759PHFL31,760863
759PN33,15019
759PN39,14279
759PY41,14168
759RJ46,19906
759RJ48,15109
759RL27,23534
759TN41,764150
759TN44,21829
759TS37,13719
759TS40,13721
759TS40A,14167
759TS46,21830
759TS48,760522
759UK38,760635
759UP41,760515
759UP42,764043
759WB37,760667
759WB39,19172
759WB47,760521
75AP28,12660
75AP32,23582
75AP41,19174
75AP45,759329
75AP46,759331
75AR45,759860
75AS34,23494
75BR31,18080
75CG35,760565
75GA33,18082
75GA36,759918
75GFL28,757980
75GFL30,757978
75GS2034,6873
75HP36,10960
75HP37,10961
75HP38,17101
75HR29,13594
75HR30,15098
75IREDA34,24023
75MH44,23332
75MN36,23204
75MN36A,23352
75MP36,760270
75MP44,758884
75SK34,23200
75TN31,23581
75TN37,760569
75TN54,23337
75TR30,22137
75TS51,759861
75TS52,759862
75UK29,23546
75UP35,18085
75WB37,760097
760ABCL35,757723
760BR50,760758
760CIT38,30036
760GFL30,757365
760PFC29,22793
760PFCL35,19976
760TOPL29,760647
7616ABHF29,763147
761ABCL35A,759300
761AP41,761370
761AP42,760582
761AP43,19552
761GJ32,10531
761GJ39,755640
761GS2030,7142
761HP38,20742
761HR32,10853
761HR43,760678
761JK42,13135
761KA34,761554
761LIC34,25042
761MH29,9435
761MP44,764039
761RJ32,13377
761RJ43,15105
761SIDBI29,763254
761TFSIL28,763528
761TN32,10852
761TN32A,13379
761TN56,760789
761TS32,14088
761TS42,760676
761TS44,15106
761TS52,760682
761WB41,760386
761WB45,760586
762AP36,758933
762AP39,761328
762AR32,13372
762AS32,12666
762AS33,19186
762AS41,761371
762AS46,760771
762BR31,19181
762BR32,10854
762GA32,12678
762GA32A,13373
762GJ28,19480
762GJ29,11589
762GS2039,9538
762HP43,19519
762HR31,13600
762JK41,760776
762KA36,761566
762KL38,20739
762KL44,20948
762KL53,13624
762MH30,9695
762MH30A,11277
762MN35,14165
762MP34,14163
762MP39,761016
762MZ36,14166
762MZ38,760292
762NABAR29,23254
762NTPC35F,10751
762PN32,12673
762PN33,760617
762PN38,15100
762PN39,763776
762PY35,14164
762RJ43,19518
762TCL30,755990
762TN33,13602
762TN34,22499
762TN43,13908
762TN53,19488
762UK33,13716
762UK35,753748
762UP33,20732
762UP34,20735
762UP35,13778
762UP41,759705
762WB41,760516
762WB47,760756
76377AIF29,758691
763AP30,9531
763AP34,763072
763AP37,758935
763AR33,20734
763AS35,758931
763BR38,20741
763BR40,760638
763GA33,20733
763GJ32,13916
763GJ33,21856
763GJ34,21858
763GJ37,31637
763GS2059,9907
763HLICL35,760342
763HP37,13127
763HR28,9770
763HR29,9433
763HR32,13244
763HR33,13627
763JH30,14087
763JK53,19742
763JK53A,20483
763KA37,12692
763KA39,13128
763KA40,13134
763KA42,12710
763KL32,13375
763KL43,12726
763MH30,9437
763MH35,22500
763MH36,22502
763ML32,20731
763MP41,759706
763MP48,760788
763PN39,12706
763PY32,13382
763RJ41,22505
763TN47,12345
763TN56,760612
763TS36,13718
763TS43,12321
763TS44,12328
763UK35,761556
763WB38,20743
763WB46,760680
7645LICH30,29742
764ABL34,23041
764AP31,21494
764AP33,12689
764AP40,760579
764AR30,20570
764BR32,13242
764CG40,760060
764CG42,764033
764GA30,20571
764GA33,13887
764GA38,13619
764GJ31,21262
764GJ33,21500
764GJ34,21503
764HP39,21512
764HR31,13915
764HUDCO31,19928
764IRFC31,15168
764JK50,20402
764KA32,19523
764KA39,20744
764KL34,13606
764KL39,760636
764KL47,760787
764MH32,11285
764MH33,13886
764MN40,764040
764MP33,14093
764MP34,763198
764NABAR31,20034
764REC34,21485
764RJ36,763073
764RJ38,13902
764RJ49,20366
764RL27,22815
764TN29,10452
764TN32,10544
764TS33,14097
764TS44,760754
764TS44A,763777
764UK32,760505
764UP36,14109
764WB32,13248
764WB41,760581
764WB42,13621
764WB42A,760677
764WB43,19520
764WB43A,20946
764WB44,764045
765AP43,761375
765AS32,10765
765AS38,760668
765BR32,10529
765BR32A,10721
765BR33,760507
765BR44,760679
765BR51,760681
765CG33,22494
765GA32,13243
765GA33,20238
765GA34,22496
765GJ29,10233
765GJ29A,20368
765GJ33,13964
765HDFC34,23222
765HP35,20738
765HR30,13957
765HR33,13882
765HR33A,14272
765HR33B,20240
765JK37,760291
765KA34,13384
765KL48,13996
765LICH31,25376
765MP40,761369
765MP41,761418
765MZ41,760670
765NBFID38,20841
765NL32,13247
765PGCIL34,21315
765PN42,11981
765RJ32,10543
765RJ32A,11288
765RJ33,13881
765RJ36,761563
765RJ40,760580
765RJ48,19740
765RJ53,763779
765SHFL29,25948
765SICCL31,762403
765TMCV27,759787
765TMCV28,759811
765TML28,756179
765TN29,10234
765TN30,19908
765TN33,13874
765TN33A,19524
765TN53,13997
765TPREL40,758991
765TS30,22188
765TS39,19550
765TS49,763778
765TS52,760609
765TS55,760611
765TS55A,763780
765UP30,22086
765UP34,20943
765WB52,764046
766AP32,13958
766AP37,19538
766AP42,19621
766AS36,753759
766BR33,14098
766BR41,764243
766GJ30,14269
766GJ30A,20479
766GJ32,21264
766HR29,14635
766HR35,19533
766HR36,22501
766JCL31,761436
766KA42,12313
766KL39,761014
766KL46,19737
766KL50,14563
766LICH29,29305
766MH33,14549
766MH47,760607
766MH52,760610
766ML32,20231
766MP48,14559
766NBFID36,751669
766RJ31,21842
766RJ33,13960
766RJ33A,22495
766RJ34,22497
766RJ43,13994
766SK33,14274
766TN33,20928
766TN43,19622
766TS34,13387
766TS44,13995
766UP32,10771
766UP33,14162
766UP33A,14273
766WB39,13906
766WB43,21827
767AP31,9696
767AP38,19487
767AP38A,21510
767AS32,11980
767AS33,13877
767AS33A,14092
767AS33B,19526
767CG31,21849
767CG33,21502
767CG43,759708
767GA33,19527
767GA33A,20937
767HP34,21509
767HR32,11284
767HR35,20944
767HR41,760061
767JH37,13257
767JK38,760571
767KA32,11984
767KA36,20222
767KA42,21820
767KL34,10851
767KL43,22506
767MP33,13965
767NHPCL32,763643
767NHPCL33,763645
767NHPCL34,763647
767NHPCL35,763649
767NHPCL36,763651
767NHPCL37,763653
767NHPCL38,763655
767NHPCL39,763657
767NHPCL40,763659
767NHPCL41,763661
767NL32,10541
767NL33,13626
767NL33A,13967
767NL33B,20243
767PN35,19167
767RJ33,20942
767RJ34,21863
767TN30,20470
767TN53,14564
767TS35,13389
767TS45,19733
767TS46,759709
767UK33,14102
767UK33A,20931
767UK41,759707
767UP33,20938
767UP41,761049
767WB37,13237
767WB39,13399
767WB41,13401
767WB43,22507
767WB44,22508
767WB44A,760755
767WB46,760786
76825AIFL2,760209
7685TCHF28,28840
768AP37,21870
768AP39,760790
768AP51,764326
768AR33,20244
768AS31,21496
768AS32,10528
768AS41,760791
768BR32,11985
768BR33,14271
768CG32,21499
768CG36,763195
768GJ30,14156
768GJ33,14548
768GSGL28,758007
768GSGL28A,758009
768GSGL28B,758011
768GSGL28C,758013
768HR31,12295
768HR33,13968
768IREDA33,20848
768JH32,21851
768JK37,12701
768JK38,759702
768JK44,21288
768KA31,11978
768KA34,13254
768KA37,20945
768KA37A,761567
768KA39,21513
768KL36,761562
768KL49,761381
768LIC34,23907
768MP34,19619
768MP43,760793
768NIIF31,761828
768PN39,13398
768PN42,11276
768RJ44,764327
768SID27,24171
768SIDB27,22668
768SIDBI27,23252
768TN30,19614
768TN30A,19745
768TN30B,20335
768TS37,20225
768TS42,13993
768TS44,760086
768UP32,11289
768UP34,19532
768UP34A,20220
768WB32,11291
769AP35,13878
769AP42,20190
769AP42A,760148
769AP43,14351
769AS33,13959
769BR32,11282
769BR35,763194
769BR39,22504
769BR54,760163
769GA32,11283
769GA32A,12301
769GA34,21865
769GS2043,9888
769HP46,760239
769HR27,9873
769HR41,760795
769HR42,761009
769HR42A,761419
769HR44,761376
769HUDCO31,19930
769ICPR35,760811
769IGT28,3451
769KA33,19615
769KA33A,20392
769KA40,21540
769KL40,11292
769LIC34,22633
769LICH26,27750
769MH31,14531
769ML35,758932
769MN34,13252
769MP43,14352
769MZ31,9708
769MZ37,13897
769MZ41,764151
769NHAI31,14529
769PN36,22503
769PN39,14381
769PY37,13397
769RJ39,14380
769TFSIL28,756930
769TN33,763735
769TN37,13393
769TN43,14349
769TS32,14533
769TS56,761477
769UK36,763202
769UP35,13891
769UP35A,19485
769WB39,14340
769WB42,14347
769WB49,760608
76AP28,11299
76AP29,14954
76AP34,19164
76AP44,21543
76AP44A,760584
76AP45,760585
76BR37,760290
76GJ32,12667
76GJ33,22493
76GJ35,14107
76HR39,760669
76JK35,14103
76JK38,764035
76JK45,760520
76JK53,19623
76JK53A,20197
76KA32,13245
76KA32A,13374
76KA33,13601
76KA38,20740
76KL33,762423
76KL42,760518
76KL45,13911
76MH30,21934
76NHAI31,12003
76RCFL29,759017
76TN31,22492
76TN32,10720
76TS42,760517
76TS43,21542
76TS47,21547
76UP33,762428
76UP37,760839
76WB45,760519
76WB47,760589
770AIFL26,758880
770AIFL29,758878
770MH32,9722
770NABAR27,23797
770RECL26,23896
770SHFL27,756171
770SHFL29,27158
770SUNF28,29169
770TOPL30,760745
770TPREL34,28797
7712TCHF28,25840
771AP31,20472
771AP32,9711
771AP33,14270
771AP33A,14959
771AP34,11281
771AP36,13972
771AP37,10848
771AP37A,20398
771AP39,10847
771AP41,760796
771AP42,10846
771AS33,14160
771BR33,14431
771BR44,764244
771GJ33,14374
771GJ34,14432
771GS2066,763489
771HDFCB33,20753
771HR33,20344
771HR33A,20475
771JK48,20746
771KA36,20478
771KA38,21283
771KL42,10845
771KL43,20364
771KL53,761452
771MH33,19911
771MN32,11286
771MP40,21879
771NIIF35,755871
771PN38,760848
771REC27,21470
771RJ33,19617
771SIHF35,759878
771UK33,19482
771UP33,19748
771UP46,760161
771WB39,13991
771WB41,20362
771WB43,20363
771WB47,764251
772ABCL31,761727
772AP34,10527
772AP35,10718
772AP36,19620
772AP38,20183
772AP41,19729
772AS33,14539
772BR33,14161
772BR33A,14375
772BR41,760147
772GJ34,14643
772GJ35,14553
772GS2049,9604
772GS2055,7136
772HP31,14637
772HR32,14638
772HR33,20393
772HR35,19901
772IGT31,3470
772JK32,9717
772JK43,20947
772JK43A,760794
772KA35,20396
772KA35A,20477
772KA37,21281
772KL45,760149
772MH31,14367
772MH32,14639
772MH34,9724
772MH35,21271
772ML31,19517
772ML38,764149
772MN32,9718
772MN37,758934
772MP38,13977
772MP45,761017
772MP49,761018
772MZ38,19539
772RJ33,19912
772RJ35,9725
772TIL34,25078
772TN33,19618
772TN34,21269
772TS35,19609
772TS36,19902
772TS46,14452
772TS57,758920
772TS63,758922
772UP34,19900
772UP36,13973
772UP36A,763200
772UP44,761444
772WB37,20399
772WB38,11295
772WB41,760062
772WB44,761377
773AIFL26,758874
773AIFL28,758876
773AIFL30,758689
773AP32,14640
773AP32A,20391
773BR32,11598
773BR33,14534
773BR38,19904
773BR39,21167
773BR39A,21539
773CG31,19746
773CG44,761445
773CIFCL31,760639
773GA33,19717
773GJ29,21049
773GJ32,10648
773GJ36,14652
773GS2034,7127
773HR32,14369
773HR33,9441
773HR45,761010
773HR45A,761446
773KA34,20350
773KA35,19721
773KA35A,21163
773KA36,19723
773KA41,21818
773LIC34,23248
773LICH27,30149
773MH32,14819
773MH34,14645
773MH36,21273
773MN35,19611
773MZ39,21872
773PN32,758926
773RJ33,19716
773RJ38,13979
773RJ55,758919
773TCHFL30,29103
773TIL35,29676
773TN36,763284
773TS34,14436
773TS40,20189
773UP33,14538
773UP33A,19891
773UP34,20179
773UP35,20180
773WB32,9719
773WB43,760849
774AP31,10647
774AP32,14373
774AP32A,21153
774AP36,19724
774AP36A,21164
774AP38,10719
774AP42,11417
774AS33,19892
774AS33A,20476
774BR38,20401
774BR39,21877
774CG31,20342
774GA32,11597
774GJ38,763621
774HP38,20184
774HR29,11676
774HR31,14814
774HR35,9444
774IREDA31,20030
774IREDA35,30479
774JK43,20365
774JK46,761011
774KA34,21155
774KA36,21274
774KA37,12311
774KL60,758921
774LIC28,25047
774LICH27,27280
774MH33,14378
774ML35,761558
774MP43,14656
774MP47,761379
774MZ33,10540
774MZ38,14558
774MZ41,761373
774NBFID36,763469
774PN39,14653
774PSB34,28550
774RJ33,20347
774RJ33A,20394
774RJ34,21156
774RJ39,19728
774RJ40,14654
774RJ42,11418
774RJ49,14663
774SFL28,764308
774TN36,763737
774TR41,761372
774TS35,20352
774TS45,10783
774TS46,10784
774TS48,14660
774TS51,758937
774TS55,758918
774UK33,14376
774UP37,14554
774UP38,31638
774WB39,11607
774WB41,14655
774WB43,14658
774WB44,761051
774WB48,761052
775AP29,11760
775AR46,761378
775BTL28,761307
775CG31,14816
775CG42,760792
775CIT38,29551
775DL41,755652
775GA33,20348
775GJ32,11400
775HP32,14818
775HR35,19722
775HR35A,20353
775LICH29,24942
775LTFL27,27803
775MN33,763369
775NIIF33,761509
775NL33,14821
775PN36,19486
775PN42,10782
775RJ35,20354
775RJ36,19903
775SFL26,27928
775SIDBI27,21741
775SK33,14822
775SK33A,19483
775TN30,22104
775TN32,10651
775TS37,19725
775TS45,761448
775TS53,760938
775UP33,20349
775UP34,20351
775UP35,14441
775UP38,14442
775WB39,14446
775WB47,758727
776AP32,9438
776AP37,19726
776AS46,761007
776FEDB34,27094
776GA38,761568
776HP30,10235
776HP33,14641
776HR30,11867
776HR39,761569
776KA41,761572
776KL35,21272
776KL38,10773
776KL51,14855
776KL58,14861
776MH30,11390
776MN35,14379
776MP37,19727
776MP37A,20357
776PN37,9449
776TIL34,23892
776TN53,14860
776TS39,760915
776UK33,14820
776UP41,755720
776WB49,761451
777AP35,20355
777AP40,14341
777BR52,760937
777GJ31,9771
777GJ32,10459
777HP49,755742
777HR32,10652
777HR33,14825
777HR36,21276
777IREDA27,21308
777JK35,14437
777JK37,11604
777KL48,761450
777MH44,763066
777ML36,763370
777MN38,20361
777MP43,14451
777MP47,14850
777PN33,19720
777PN36,20397
777PN38,760914
777RJ32,10638
777RJ33,14642
777TR41,761476
777WB46,758726
778ABSL35,757453
778AIFL30,757639
778AP41,9450
778AP42,9451
778AS34,21270
778BR31,19747
778HP44,755721
778HR40,760917
778JCL29,764060
778KL45,758936
778MH29,21933
778MH30,11678
778ML31,10330
778MZ32,11401
778MZ37,11294
778NL33,20395
778PN37,21165
778PY36,21277
778RJ33,14824
778SHFL28,27282
778TR41,761033
778TS34,14647
778UP35,14649
778UP36,14651
7794LTFL31,763080
7798LTFH29,25939
779AP31,10458
779AP42,763076
779AP51,761525
779GJ41,763739
779HP38,14839
779JK35,14650
779JK41,761374
779JK51,761521
779LTFL30,29643
779MH54,763069
779MN42,31613
779MZ41,31688
779PN36,20356
779PN37,20360
779PN38,21166
779PY41,761417
779RJ32,11404
779SIDBI27,20843
779TCHFL30,754304
779TN32,11405
779UP33,14829
779UP51,761524
779WB40,19905
779WB42,14447
779WB45,761447
779WB51,761535
77AP28,14359
77AP29,14421
77AP29A,20390
77AP30,14268
77AP30A,14636
77AP32,14958
77AP38,20482
77AP42,21825
77AP43,19730
77AP43A,21168
77AP47,760162
77BR31,19522
77BR32,12300
77BR38,20226
77GA33,19481
77GA33A,19910
77GA33B,20171
77GJ36,763736
77GJ40,31687
77HP36,13896
77HP38,13901
77HR31,14159
77HR32,14532
77HR34,12303
77IGT28,3428
77JK37,13392
77KA33,19909
77KA34,19606
77KL47,11424
77MH30,11590
77MH31,14424
77MH33,14425
77MH33A,20172
77MH34,19899
77MH34A,20173
77MN35,13892
77MZ35,13256
77NVCL28,759795
77OR44,764248
77PN40,13992
77PN42,11416
77PY35,761557
77RJ32,9532
77RJ43,19732
77SHFL36,761139
77SK34,22498
77TN42,10844
77TS37,763074
77TS38,20480
77TS54,761412
77UK35,761757
77UK48,764249
77UP33,19616
77UP34,19484
77UP35,20221
77WB48,761380
780AP33,21050
780BFL27,23240
780HFL27,760133
780HR30,20219
780KA30,20964
780NIIF31,763817
780SICC29,27907
780TN41,763286
780TOPL31,760747
780TS42,760919
781AP56,763070
781GA32,9779
781GJ32,11506
781HP36,761644
781HR32,9780
781HR32A,10331
781HR32B,10461
781HR32C,11690
781JK51,31619
781KL37,762424
781KL44,11706
781MZ37,20400
781RJ32,10462
781RJ47,10219
781RJ49,763068
781TCHE27,24883
781TN52,10190
781UP32,11408
781UP34,11603
781UP34A,14830
781UP41,760918
78241ABH29,27033
782AP35,11412
782AP42,10555
782AS32,10246
782AS32A,11764
782CG48,763196
782GJ32,10196
782HP32,10247
782JK42,758722
782MN32,9781
782MP40,761718
782MP42,760920
782NL32,10463
782NL32A,11881
782PN42,10558
782RJ32,11765
782RJ44,10525
782SK32,10470
782SK32A,11878
782TN32,11693
782TS47,763067
782UP46,31618
782WB32,10252
782WB45,760932
7835LIC27,22971
783AP43,761573
783AS32,10357
783AS46,763193
783BR32,11882
783CG40,762422
783CIFCL28,760553
783GA32,11683
783HR32,11507
783HR43,760922
783KL39,14840
783KL49,763197
783LTFL29,764062
783MH30,21940
783MN32,10368
783MP48,763199
783PHFL29,764075
783PN42,11769
783RJ32,9915
783RJ50,14854
783TN42,11704
783TS35,11413
783TS36,11415
783WB32,9782
784AS32,11679
784BR41,763622
784HP37,11874
784ML36,761642
784MP47,760935
784PN38,763075
784RJ32,11691
784RJ41,14845
784TN52,9953
784TS34,11409
784TS36,10545
784TS39,11767
784TS40,11768
784TS47,760936
784WB47,760934
784WB47A,761520
78537ABH30,29190
785ABHFL28,27713
785AP37,9928
785AP40,11514
785AS32,10197
785AS32A,11505
785BR32,11513
785BR32A,11682
785BTL29,761309
785HP36,11870
785IIFL27,25058
785KL34,9788
785KL35,10532
785KSFP28,761401
785MFL29,760819
785MP32,10198
785MZ38,763371
785MZ42,760921
785PN32,10394
785PN42,11515
785RJ37,9943
785RJ39,9952
785SK32,11509
785TCHFL29,763382
785TPL28,760966
785TRPEL34,25372
785UK30,22201
785UK32,11510
785WB42,14849
78618ABH28,756043
7865LICH26,24472
786ABHFL28,29559
786AP33,11759
786AP38,763738
786AS32,9916
786BR39,760916
786HR32,10202
786JH34,11885
786KL42,762425
786MH30,9821
786MP42,762426
786MZ32,9922
786TCHFL29,25439
7875NIIF30,25933
787AS46,760933
787HP34,11886
787HP35,11869
787LDL29,759174
787LIC29,23751
787MZ36,11873
787RJ38,761717
787RJ40,11701
787RJ41,763524
787SDIL30,24741
787SK36,761560
787TN33,10338
787UK44,763623
788AP46,761519
788GA30,21047
788GS2030,7122
788HR41,761759
788KL46,761576
788MFL28,759498
788MN39,761570
788MP33,11695
788NIIF29,753867
788NIIF31,763208
788NL32,9923
788RJ32,22065
788TACA31,763851
788UK46,761493
788UP46,761575
788WB44,761574
789GIL30,759148
789GIL31,759150
789HP37,10551
789HP41,761571
789MH32,9822
789SDIL29,23656
789TS34,10334
789TS36,11696
789WB37,10553
789WB40,14844
78ABCL33,755940
78AP31,9773
78AP31A,9914
78GJ32,9777
78GJ32A,10367
78JK35,14834
78JK46,761449
78KL45,11770
78ML31,9774
78NABARD27,21239
78PN36,761565
78TN32,9776
78TN32A,10460
78TN41,763732
78TN42,11877
790ABHFL27,29557
790ABHFL28,30063
790ABSLI36,761362
790CANF30,29457
790IHFL27,760817
790LTFL34,28109
790NOM28,761399
790TIL28,758650
790TPL29,760964
79123SHF26,25016
791ABCL34,755946
791JK46,763733
791KL30,21904
791MH39,761647
791PN36,761645
791PN41,763522
791TS43,10269
791UP37,11697
792AP41,10337
792AP42,10218
792AP42A,10257
792BR51,762420
792KL41,761760
792LIC27,24073
792PN44,763523
792TCHF34,24383
792TCHFL34,23246
792TS45,10272
793AP33,10203
793KA31,20965
793NIIF30,27304
793NIIF32,30200
793RJ45,10645
793THDC34,21463
793TN42,10644
793TPRE29,24257
793TPRE34,24255
793TS34,10204
793TS35,10207
793UP30,22084
793WB37,11698
79413ABC28,755947
794AP34,10206
794CIFCL29,761522
794GFL28,764111
794HR34,10205
794PN42,10333
794TN32,9869
794TS36,10212
795AMLIL35,759073
795AP38,10214
795AP39,10215
795AP40,10216
795AP40A,10255
795GS2032,6835
795HR32,9870
795HR37,10640
795IGT31,3457
795JK30,21046
795NIIF36,23140
795NIIF36A,763819
795SFL29,751692
795SHFL34,23563
795TS35,10382
795TS37,10642
795WB39,11700
796AP38,761646
796AP40,10643
796SHFL31,763508
796TIL29,758652
796WB37,10213
79742SIC30,29467
797ABCL28,755948
797AP36,10639
797AP39,10336
797HR42,10479
797IGT31,3476
797PN38,14836
797RJ42,10480
797RJ43,761648
797SFL30,22921
797TACA31,763361
797TOPO34,761356
797TOPO35,761358
797TOPO36,761360
797TS43,761649
797WB42,10454
798AP31,20961
798RJ42,10381
798SHFL26,24720
799AP40,761758
799GSGL28,759941
799GSGL29,759943
799HFL27,758212
799HR44,761744
799LTFH27,25151
799NIIF29,25390
799NIIF37,29960
799RCFL27,24775
799RJ41,761761
799TCL29,22684
799TCL34,22643
799TFSIL27,28539
799TN42,9834
799TS30,22205
799TS35,22204
799UK44,761745
799WB35,22175
79ABCL28,755949
79AP33,9785
79AP34,9797
79HR34,10332
79IGT28,3433
79MP56,762427
79NHIT35,11658
79NHIT40,11665
79NHIT47,11669
79RJ42,9800
79SHFL27,25593
79TS44,10271
7EHLS346,760652
7EHPP46,760671
7EHS246,760650
7IREDAL30,756878
7PFCL31,760801
7PFCL36,760802
8016ABCL29,755950
801ABCL28,755951
801TCH28,16838
801TCL34,24558
801WB41,10393
80208ABC30,755952
802ABHF28,20588
802AP38,10383
802AP42,761762
802MZ36,10374
802TS35,9824
802WB37,10384
8034ABCL34,755953
803ABCL33,755954
803ABCL35,756882
803ABHF27,20590
803ABHFL29,25227
803ABHFL35,756071
803AP35,9826
803AP36,10355
803ICPR34,28519
803MFL31,759899
803TIL30,758654
80409TCH27,20786
8049ABHF27,25145
804AP37,10471
804AP41,9871
804AP42,9872
804KL46,761748
804PN42,10268
804TR48,761749
804WB52,761753
804WB56,761754
805ABCL28,755944
805AIFL32,759603
805HLICL34,25793
805MFL27,757513
805MFL30,759500
805NIT32,28799
805NMC29,761075
805NMC30,761076
805NMC31,761077
805NMC32,761078
805NMC33,761079
805NMC34,761080
805NMC35,761081
805NMC36,761082
805PHFL30,29535
805RJ37,10474
805SHFL29,24063
805SICCL35,760314
805TCHFL29,24089
805TFSIL28,30496
806JK37,10477
806RJ57,761660
806SDIL29,22515
806TFSIL28,29202
806WB49,761750
807ABCL36,763252
807AP36,9830
807AP51,761658
807MH49,761657
807NIIF29,24129
807NIIF39,22416
807SMFG27,25229
807TR43,761763
807TS56,761659
807WB38,10478
808CIFCL29,763290
80956ABH26,24773
80980TCL27,29973
809CANF27,30045
809HFL33,761426
809MP50,761751
809UP51,761752
809UP56,761755
80AP44,761746
80NL30,21995
80NL41,761719
80TR46,761747
8104PHFL28,29073
810ABHF28,20586
810BACL29,754691
810GIL28,27160
810HLICL35,29639
810IRFC27,31128
810JH32,22199
810KL32,21905
810NIIF34,22461
810NIT40,29022
810SIHF35,760312
810TCHFL27,22768
810TOPO29,758238
810TVSH29,761577
812ABCL28,755955
812ABHF29,24466
812LTFL29,751598
812REC27,19924
812SFL27,24131
8137TCL24,23809
813ABHF28,20595
813AIFL32,758695
813GS2045,7124
813LTF29,22482
813PNBH33,20903
814KSFP36,757997
814TPL27,25782
815ANN29,756033
815ANN30,756027
815ANN31,756031
815ANN32,756029
815CHLI36,761305
815GHFL35,756329
815GIL29,27163
815GS2026,7114
815JCL31,753889
815JK30,22181
815LTF27,21231
815MOFS28,760344
815PHFL27,25805
815PNB27,27267
815SICC26,25455
815SICC27,25451
815SICC29,754670
815TACA29,750554
815TCHFL31,750588
815TOPO31,758252
816ABCL29,755956
816KSFP29,28503
816LTFH27,24302
817ABHF27,24464
817GHFL30,29979
817GS2044,7115
817TFSIL27,23980
818CANF29,23449
818GFL26,28965
818TFSIL27,24695
818TPL27,27396
819CIFL26,28981
819CIFL27,30492
81ABCL29,755957
81ABCL33,755943
81TCHF28,16870
820ABHF27,22925
820ABHFL27,23228
820ABSLI34,24443
820CANF27,30194
820CIFL28,29683
820IIFL27,7648
820KSFP36,757674
820KSFP36A,764260
820MFL30,756714
820NOM28,764155
820TFSIL29,24482
820TOPO33,758355
820TOPO36,758030
822ABHFL29,30723
823GIL31,755919
823GIL31A,755830
823SFL34,24370
824GS2027,6884
824GS2033,7106
824LTF27,23153
824PHFL28,25508
8254KSFP29,23170
8258TCL27,22919
825ABHFL31,30717
825BTL27,27027
825CFHL27,22822
825NOM27,24177
825SMFG27,23898
825TCSL27,28973
825TCSL28,29963
825TPL27,24035
826ABCL31,751731
826GS2027,6898
8277SMF27,23982
827TPL29,758634
828GS2027,6921
828GS2032,6885
828PHFL26,24796
82907AIF29,763154
829PFL29,9975
82HUDCO27,31240
82IGT31,3464
83044SMF29,23009
830ABCL26,755958
830ABHFL34,24636
830NHAI27,31040
830PFCL27,20022
830SICC27,24723
830SMF29,24039
830TACA27A,761428
830TFSIL27,22854
830TPL28,29096
831ABCL34,755959
831RJ27,22062
832GS2032,6899
832HHFL27,756718
832HHFL27A,756716
832TFSIL29,21760
832TPL27,22891
832TPL28,22893
832TPL29,22895
833ABCL27,755960
833GS2032,6922
833GS2036,6883
833PHFL29,24372
833TPL27,21953
834MLICL35,29717
835GFL28,30254
835KSFL27,23168
835PHFL31,31265
835SCL23A,21026
835SCL23B,21056
835SMFG27,21572
835TCSL27,25946
835TPL27,24556
83645TFS27,21767
836GIL26,22905
837IIFL28,761116
837REC33,30986
837SMFG29,22575
83GS2040,6981
83GS2042,7034
83TCHF28,16872
840CIFCL27,21325
840CIFCL28,15374
840CIFL27,25393
840CIFL32,760031
840GHFL28,25130
840GIL27,22907
840HFL28,764351
840IRFC29,591
840MCSL31,759496
840TPL27,21677
840TPL28,21624
840TPL29,21684
842GIL27,24253
842HFL27,757485
842IIFL26,6197
842SCL27,757459
843IHFL29,7668
843SCFL27,7772
843SCL27,9273
845GHFL29,25374
845MFL29,763046
845NOM27,24901
845NOM27A,24903
846REC28,30984
847TPL26,20614
848AEL29,761342
848NTPC28,31760
849ABSLI34,24819
84AIL28,759484
84CIFCL28,17958
84TCHF28,16874
850CIFCL26,20435
850CIFL27,24604
850CIFL34,27092
850HHFL27,756165
850HMDA30,763701
850HMDA31,763703
850HMDA32,763705
850HMDA33,763693
850HMDA34,763695
850HMDA35,763697
850HMDA36,763681
850HMDA37,763683
850HMDA38,763685
850HMDA39,763711
850HMDA40,763713
850HMDA41,763715
850HMDA42,763689
850HMDA43,763691
850HMDA44,763687
850HMDA45,763707
850HMDA46,763709
850IIFL27,7662
850IIFL28,760403
850KGEL30,759762
850NHAI29,186
850NIRMA27,22811
850SCL25A,5863
850TIAP28A,756137
850TIAP28B,758693
850TIAPL28,755930
850TPL26,20612
851HUDCO28,19964
852IIFL29,761117
852LDL36,761731
852LTF27,20689
852MFL28,755984
852MFL28A,755986
852MFL31,763138
854NHPC28,31483
855IREDA29,1380
855IREDA34,1383
855MFL36,763747
855TCAPS27,21194
857CIFL32,757404
858CIF27,23734
858HUDCO29,19966
859CIFCL29,23658
85CIFC27,22551
85GFL36,763210
85GHFL27,24670
85LTF26,20713
85PFL26A,9982
860AEL28,761340
860CIFC29,23012
860CIFCL28,20443
860CIFCL29,23172
860GFL27,24593
860HFL29,22564
860IIFL27,761391
860MFL28,30147
860TPL31,29545
861REC34,2935
862AEL31,761345
862HHFL29,24476
862REC33,30992
863IRFC29,1991
863NHB29,31966
863NHB34,31967
863REC29,2933
864CIFL29,24260
864CIFL29A,24347
865BTL27,27023
865CIF29,23837
865CIFC865,22917
865CIFL29,23900
865HHFL30,756163
865IFL28,17039
865IHFL27,28856
865IIFL28,13852
865IIFL31,761118
865IRFC29,603
865LTF26,20715
865MFL28,29469
865MFL31,751159
865NHB34,1761
865SCL24B,11365
865SCL26,18624
865SCL27,757460
865SCL28,757465
865TCAPS27,21197
865TVSH29,24041
866CIFCL33,760155
866IIFC34B,20056
866NTPC33,31762
866SFIL23A,15251
867MUTF30,29184
867NHPC33,31484
867PFCL33,20026
868NHB29,1758
86CIFC29,22556
86GS2028,7088
870IIFL28,761119
871REC28,30990
873NTPC28,31766
875AEL29,761343
875AOL27,760172
875BTL28,27029
875BTL29,27031
875CIFL32,755879
875GFL27,21615
875HFL28,763641
875IHFL29,7671
875IIFL26,6200
875MOF27,760395
875NHAI29,192
875PFL27,759470
875PFL31,5155
875SCFL27,7765
875SCL23A,21028
875SCL27,9255
875SCL27A,757419
875SFL27,17159
875TCAPS29,21227
875TVSH30,29245
876HUDCO28,19968
878MFL27,20749
878MUTF29,25742
879NHPC28,31486
879SCL26,18632
879SCL30,760284
87HFL26,28979
87HFL27,28977
87HMDA30,761835
87HMDA31,761837
87HMDA32,761833
87HMDA33,761839
87HMDA34,761841
87HMDA35,761843
87HMDA36,761803
87HMDA37,761805
87HMDA38,761807
87HMDA39,761809
87HMDA40,761795
87HMDA41,761797
87HMDA42,761799
87HMDA43,761801
87HMDA44,761811
87HMDA45,761813
87HMDA46,761831
87LTF27,20691
87MFL36,760738
87SCL27,11356
880IIFL26,757663
880IREDA29,1391
880IREDA34,1393
880MOF27,758824
880PFL28,759754
883GS2041,7013
884LTF29,20648
885AEL28,757871
885CIFCL34,23244
885ICFL28,761463
885IHL26,28852
885IIFL29,761120
885LTF27,20671
885MFL28,20751
885MFL29,22513
885NACL28,760577
885NOM28,23551
885SCL26,18626
885TCAPS29,21229
885TIAPL29,759347
885TIAPL30,764341
886REC34,2953
886SCL30,760286
8887HFL26,25153
888CIFCL33,761992
888ECL28,759974
888IRFC29,1999
888NHB29,31969
888REC29,2947
888SCL25D,19774
888SCL25E,18906
888SCL26X,28900
888SCL28,757466
889SCFL27,7777
889SCL26,5855
889SCL27,9277
889SCL28,5859
88TIAPL29,760493
890AEL31,761346
890ALSL27,756161
890BTL31,27025
890BTL34,27021
890MFL27,23361
890MFL27A,24794
890NCPL28,22737
890NHB34,1767
890SFIL23A,15253
891IIFCL34,20058
891NTPC33,31768
892CIFL34,27292
892NHPC33,31487
892PFCL33,20028
893NHB29,1765
894SCL27,13487
895AEL27,757869
895MFL27,23667
895PAPL27,760463
895PAPL28,760465
895PAPL28A,760467
895PAPL28B,760469
896KL35,21906
897GS2030,7011
897MFL27,24512
897MOFSL29,23706
898LTF29,20655
89ICFL28,761467
89IHFL29,28869
89SCL24A,11857
8ABCL26,755941
8ABHF34,22635
8AR30,20963
8AS30,21048
8BACL30,760549
8BACL30A,760551
8HR30,21031
8IHFL27,758163
8LMAEL32,763348
8MN30,21923
8SMC29,760218
8SMC30,760219
8TIAPL35,31785
8TIAPL36,31920
900CIFL35,29249
901HUDCO34,19970
901NHB34,31970
902MFL27,23768
902SCL2030,757472
902SCL26,19763
902SCL26A,20065
902SCL27,23295
902SCL27A,23946
902SCL27C,25550
902SCL27Q,28920
902SCL28,30238
902SCL30,757470
903MFL29,23665
903SFL28,498
905CIFL32,30047
905LTF27,20687
905PFL26,759562
905SC24B,11368
905SCL36,760731
909MFL29,23988
910CIFL31,24682
910HFL35,757487
910HFL36,759895
910HFL37,761137
910TCAP28,21225
910TIAPL33,764343
912PFL27,759560
915AEL28,757872
915APSBC26,760362
915APSBC27,760364
915APSBC28,760366
915APSBC29,760368
915APSBC30,760370
915APSBC31,760372
915APSBC32,760374
915APSBC33,760376
915APSBC34,760378
915APSBC35,760380
915ICFL28,764281
915ICFL28A,764283
915PFL27,756954
915SCL26,18636
915SCL27,11361
915SCL27A,11854
915SCL30,759279
915TIAPL33,761504
9189GCM28,763492
9189GCM28A,763490
9189GFL28,763494
9189GFL28A,763496
918IHFL28,29531
919PFL28,759561
91D011026,763781
91D030926,763740
91D081026,764047
91D100926,31717
91D130826,763372
91D151026,764152
91D170926,753772
91D200826,763525
91D221026,764252
91D240926,755746
91D280826,763624
91D291026,764328
91ICFL29,761465
91MOFSL27,23702
91PFL27,756956
91PFL30,757841
91PFL35,759558
91SFL27,17172
920DCBBL34,27132
920HFL30,25622
920ISF28,763789
920ISF28B,760901
920PFL28,759563
920SCL28,758139
920SCL32,757476
920SCL36,761110
923GS2043,7087
925AEL26,25277
925BCIL28,22962
925BCIPL28,22964
925ECL28,759975
925ICFL27,763142
925ICFL27A,763140
925ICFL28,763144
925IHFL25E,17940
925IHFL29,28872
925IHFL31,28876
925IIFL32,757571
925IIFL32A,760485
925ISF28,761208
925ISF29,760991
925PFL30,756952
925SCFL27,7769
925SCL2028,757464
925SCL25G,20125
925SCL26,5850
925SCL26E,25532
925SCL26F,25537
925SCL26G,25866
925SCL26W,28901
925SCL26Z,28897
925SCL27,9262
925SCL27A,30202
925SCL27B,30220
925SCL28,14714
925SCL28A,20104
925SCL28B,21016
925SCL28C,18859
925SCL28I,17546
925SCL29,23305
925SCL29A,23955
925SCL29C,25560
925SCL29S,28926
925SCL30,757471
925SCL30A,757473
92GS2030,7039
92LMAEL31,761538
92LTF29,20638
92SFIL28,4942
930AEL30,757875
930APMD27,757178
930APMD28,757180
930APMD29,757182
930APMD30,757184
930APMD31,757186
930APMD32,757170
930APMD33,757172
930APMD34,757174
930APMD35,757176
930IIFL27,756141
930IIFL35,757573
930IIFL35A,760495
930PFL27,29037
930PFL27A,756838
930PFL29,759559
930SCL2035,759277
930SCL35,757498
930SFL28,6149
931SFIL26A,4926
931SFL26,12919
932AEL27,25283
935AKCF27,23722
935IIFL28,756143
935ISF36,763359
935LTF29,20643
935MOFSL29,23708
935PFL33,759564
935SCL28,5861
935TSI27,27537
935TSI29,27408
935TSI30,27448
935TSI31,27553
935TSI32,27431
935TSI34,27441
935TSIIC28,27421
935TSIIC33,27526
938GCML28,764161
938GFL29,764157
939SCL27,13492
93HFL34,28975
93MOFSL34,23710
93SCL24A,11861
940CAGL27,18480
940SCL26,19758
940SCL26A,20045
940SCL26B,20986
940SCL27,23291
940SCL27A,25546
940SCL28,30208
940SFIL28,14036
943ECL28,4288
945SCL28,757610
945SCL29,757612
945SCL32,757477
948SCL26,19768
948SCL26A,20075
948SCL26B,21000
948SCL27,23297
948SCL27A,23948
948SCL27D,25552
948SCL27R,28921
948SCL28,30240
94SCL27,23942
94SCL27U,28914
94SFL28,1001
950BCIPL28,23034
950IIFL27,23242
950ISF26,25662
950ISF26A,29017
950ISF27,29533
950ISF27A,756069
950ISF27B,758344
950ISF27C,757708
950ISF35,759249
950SCL30,757606
955SCL35,757499
956AEL29,25294
957ICCL25,8625
957IIFLS27,24137
957ISFL26,20769
957SCL30,18879
957SCL31,23313
95PFL34,759557
960IIFL30,756153
960SCL32,757474
960SCL35,759289
960SFL35,30061
965AEL27,25287
965ISF28,759100
965SCL25C,13497
965SCL25F,20130
965SCL26F,25534
965SCL26Y,28898
965SCL27,30214
965SCL28,14704
965SCL28A,20094
965SCL28B,21010
965SCL28C,18856
965SCL29,23301
965SCL29S,28924
965SCL30,757469
965SFL27,27934
96IIFL28,5214
96IIFL28A,2877
96SFIL24A,4930
970CAGL28,18487
970ISF28,29276
971SCL28,14718
971SCL28A,20106
971SCL28B,21019
971SCL28C,18861
971SCL28I,17564
971SCL29,23307
971SCL29A,23958
971SCL29B,25562
971SCL29T,28927
971SCL30,30230
971SCL30A,30224
975BNAL28,760821
975CCSP28,759474
975IIFL28,756144
975ISF28,757890
975ISF35,758708
975MWL29,761533
975PCPL27,759494
975PCPL27A,25657
975PCPL28,760397
975SCL27,23465
975SCL28,5857
975SCL28A,24821
975SCL29,24587
975SCL29A,25864
975SCL35,757608
97CCSP29,763272
97MOFSL34,23712
97SFIL26A,4936
97SFL26,12933
97SFL28,6168
97SFL29,8642
980SCL33,20120
980SCL33A,18904
980SCL33B,21044
980SCL33C,19776
980SCL33D,21024
980SCL34,23321
980SCL34B,25572
980SCL35,30206
980SFIL28,14032
980SFIL29,25155
985CCSP27,757848
985CCSP28,759592
985ECL28,4292
985SCL32,757475
985SFIL28,14038
98SCL34,23972
98SCL34Z,28932
98VFPL28,24284
990CCSP27,757129
990IIFL27,28569
990IIFL27A,30059
990SCL26,19760
990SCL26A,20061
990SCL26B,20995
990SCL27,23293
990SCL27B,25548
990SCL28,30222
995CCSP27,756333
995ISF28,756167
995ISF28A,755875
995ISF35,758290
995SCL2035,757497
995SCL35,29105
99AEL29,25296
99SCL27,23944
99SCL27V,28915
9AEL30,757874
9CIFL34,23990
9HFL34,21233
9IHFL27,28858
9IIFL28,17041
9IIFL28A,13854
9IIFL31,761121
9PCPL28,760654
9PCPL28A,761819
9PCPL28B,759710
9PFL27,757839
9PFL31A,5160
9SCL26B,18634
9SCL26BA,18628
9SCL27,757458
9SCL28,757463
9TCAP28,21221
9TIAPL28,756173
A2ZINFRA,20906
AAATECH,12533
AADHARHFC,23729
AAFS27A,22654
AAFS27B,23628
AAFS27C,23669
AAFS28,24317
AAFS28A,24877
AAFS28B,25462
AAFS28C,25595
AAFS29,757140
AAFS29A,756950
AAFS29B,758608
AAFS29C,758442
AAFS30,758852
AAFS30A,759275
AAFS30B,760282
AAFS30C,760695
AAFS30D,760240
AAFS31,761367
AAFS31A,761725
AAFS31B,761729
AAFS31C,763270
AAFS31D,763699
AAFS32,755074
AAFS32A,763829
AAFS34,22927
AAFS34A,23671
AAKAAR,757579
AAKASH,235
AARADHYA,758120
AAREYDRUGS,5248
AARNAV,761821
AARON,1030
AARTECH,17164
AARTIDRUGS,4481
AARTIIND,7
AARTIPHARM,13868
AARTISURF,19233
AARVI,19073
AASTHA,763800
AATMAJ,16961
AAVAS,5385
ABAN,7759
ABANSENT,762526
ABB,13
ABBOTINDIA,17903
ABCAPITAL,21614
ABCL020925,758993
ABCL26,755942
ABCL28,755945
ABCOTS,759130
ABCRESET27,755961
ABCRESET28,759067
ABDL,24308
ABFRL,30108
ABGSEC,24404
ABHAPOWER,27284
ABHF26625,757529
ABINFRA,27020
ABLBL,756843
ABMINTLLTD,5549
ABMKNO,762528
ABNINT,8588
ABREL,625
ABSL10BANK,760247
ABSLAMC,6018
ABSLBANETF,13987
ABSLFTTQDG,8676
ABSLFTTQRG,8677
ABSLFTTQRN,8678
ABSLLIQUID,14518
ABSLMSCIN,761066
ABSLNN50ET,7339
ABSLPSE,23806
ABSMARINE,23786
ACC,22
ACCELYA,7053
ACCENTMIC,20488
ACCORD,21218
ACCPL,757024
ACCURACY,1472
ACE,13587
ACEINTEG,11779
ACETEC,761112
ACI,12024
ACL,15420
ACMESOLAR,27061
ACSTECH,762533
ACTIVEINFR,30464
ACUTAAS,5578
ADANIENSOL,10217
ADANIENT,25
ADANIGREEN,3563
ADANIPORTS,15083
ADANIPOWER,17388
ADDICTIVE,22468
ADFFOODS,19761
ADISOFT,763156
ADL,245
ADOR,34
ADROITINFO,4953
ADSL,14813
ADVAIT,760657
ADVANCE,759402
ADVANIHOTR,14745
ADVENTHTL,759769
ADVENZYMES,18039
AEGISLOG,40
AEGISVOPAK,757336
AEL120126,761344
AEL120924,25280
AEL120924A,25292
AEL120924B,25298
AEL1212026,761347
AEL12126,761341
AEL170725,757873
AEL170725A,757876
AEL17725,757870
AEPL,761330
AEQUS,760234
AEROENTER,12015
AEROFLEX,18268
AERON,25065
AERONEU,13689
AEROPLANE,761670
AESTHETIK,24830
AETHER,9810
AFCONS,25977
AFFLE,11343
AFFORDABLE,25857
AFIL,24159
AFSL,13288
AGARIND,3389
AGARWALEYE,29452
AGARWALFT,14263
AGARWALTUF,27309
AGI,1412
AGIIL,24445
AGL,763784
AGNI,10491
AGRITECH,11076
AGROPHOS,9046
AGSTRA,759202
AGUL,15147
AHCL,758968
AHIMSA,10770
AHLADA,2004
AHLEAST,19438
AHLUCONT,17833
AHLWEST,19370
AIAENG,13086
AIIL,23553
AILIMITED,4626
AIMTRON,23984
AIRAN,9897
AIROLAM,6068
AISL,482
AJANTPHARM,8124
AJAXENGG,29624
AJMERA,17307
AJOONI,3403
AKANKSHA,21132
AKASH,13510
AKCAPIT,762538
AKG,2176
AKI,14890
AKIKO,24307
AKSHAR,9558
AKSHARCHEM,20194
AKSHOPTFBR,8595
AKUMS,24715
ALANKIT,9921
ALBERTDAVD,17256
ALCODIS,18762
ALEMBICLTD,79
ALGOQUANT,761270
ALICON,13656
ALIVUS,5265
ALKALI,16963
ALKEM,11703
ALKYLAMINE,4487
ALLCARGO,13501
ALLDIGI,11798
ALLETEC,13212
ALLTIME,758448
ALMONDZ,16719
ALOKINDS,17675
ALPA,14848
ALPEXSOLAR,22688
ALPHA,7412
ALPHA27,22856
ALPHAETF,19640
ALPHAGEO,14597
ALPINETEX,764186
ALPL30IETF,22344
ALSDG,761591
ALSDP,761593
ALSRG,761595
ALSRP,761597
ALUWIND,23474
AMAGI,760740
AMANTA,758910
AMBAAUTO,763256
AMBALALSA,762543
AMBANIORGO,4083
AMBER,1185
AMBICAAGAR,11496
AMBIKCO,15234
AMBUJACEM,1270
AMCL,758427
AMDIND,14398
AMEYA,10898
AMIABLE,11939
AMJLAND,2598
AMNPLST,19867
AMRUTANJAN,17547
ANANDRATHI,7145
ANANTAM,759363
ANANTRAJ,13620
ANDHRAPAP,166
ANDHRSUGAR,136
ANGELONE,324
ANIKINDS,16657
ANKITMETAL,25878
ANLON,13664
ANMOL,3727
ANNAPURNA,11198
ANONDITA,758740
ANSALAPI,19677
ANTELOPUS,13598
ANTGRAPHIC,5194
ANTHEM,757885
ANUHPHR,28314
ANUP,9014
ANURAS,2829
ANYA,28983
ANZEN,11945
AONEGOLD,758904
AONELIQUID,30472
AONENIFTY,757096
AONESILVER,760193
AONETMMQ50,759992
AONETOTAL,29975
APARINDS,11491
APCL,20453
APCOTEXIND,154
APEX,21623
APEXECO,27291
APLAPOLLO,25780
APLLTD,25328
APOLLO,1134
APOLLOHOSP,157
APOLLOPIPE,14361
APOLLOTYRE,163
APOLSINHOT,6302
APRAMEYA,24638
APS,21451
APSIFHLSDD,761601
APSIFHLSDG,761603
APSIFHLSRD,761605
APSIFHLSRG,761607
APSISAERO,761435
APTECHT,14074
APTUS,5435
AQYLON,23365
ARABIAN,19253
ARCHIDPLY,16795
ARCHIES,5688
ARCIIL,758670
ARE&M,100
ARENTERP,181
ARFIN,758700
ARHAM,13092
ARIES,15204
ARIHANT,13885
ARIHANTACA,13340
ARIHANTCAP,3813
ARIHANTSUP,20159
ARIS,757614
ARISTO,13931
ARKADE,25398
ARMANFIN,17263
ARMOUR,760752
AROGRANITE,14557
ARROWGREEN,9264
ARSHIYA,29015
ARSIFHDAD,762401
ARSIFHDG,761544
ARSIFHRG,761540
ARSIFHRHD,761546
ARSIFHRMD,761542
ARSSBL,759956
ARTEMISMED,16913
ARTNIRMAN,6156
ARUNAYA,756899
ARVEE,2814
ARVIND,193
ARVINDFASN,9111
ARVINDPORT,19579
ARVSMART,10457
ASAHIINDIA,5378
ASAHISONG,25092
ASAL,10634
ASALCBR,17598
ASCOM,15030
ASHALOG,24711
ASHAPURMIN,203
ASHIANA,24403
ASHIKAG,762548
ASHIMASYN,206
ASHOKA,20182
ASHOKAMET,16943
ASHOKLEY,212
ASHWINI,760418
ASIANENE,7030
ASIANHOTNR,18422
ASIANPAINT,236
ASIANTILES,14889
ASIFDG,759224
ASIFRD,759226
ASIFRG,759228
ASKAUTOLTD,20152
ASMS,14069
ASPINWALL,17270
ASPIRE,23396
ASTAR,762553
ASTEC,17728
ASTERDM,1508
ASTRAL,14418
ASTRAMICRO,11618
ASTRAZEN,5610
ASTRON,880
ATALREAL,15649
ATAM,15404
ATCENERGY,756405
ATGL,6066
ATHERENERG,757645
ATL,17778
ATLANTAA,13585
ATLANTAELE,759007
ATLASCYCLE,4568
ATLPP,760953
ATMASTCO,22788
ATUL,263
ATULAUTO,30023
AUBANK,21238
AURIONPRO,12022
AUROIMPEX,15869
AUROPHARMA,275
AURUM,10310
AURUS,31468
AUSL,25248
AUSOMENT,9035
AUTOAXLES,278
AUTOBEES,7880
AUTOIETF,7844
AUTOIND,14110
AVADHSUGAR,21406
AVALON,15058
AVANA,760736
AVANTEL,24610
AVANTIFEED,7936
AVATAR,20503
AVG,15638
AVIANSH,25520
AVIENCE,755092
AVL,25984
AVONMORE,13557
AVPINFRA,23159
AVROIND,8827
AVSL,18693
AVTL29,760561
AVTNPL,14008
AWFIS,23864
AWHCL,1797
AWL,8110
AXISBANK,5900
AXISCADES,9436
AXITA,9902
AYE,760981
AYMSYNTEX,10285
AZAD,20905
BABAFP,20141
BAFNAPH,17735
BAGDIGITAL,759420
BAGFILMS,11226
BAGMANE,763363
BAHETI,12989
BAIDFIN,13794
BAJAJ-AUTO,16669
BAJAJCON,19531
BAJAJELEC,15034
BAJAJFINSV,16675
BAJAJHCARE,6863
BAJAJHFL,25270
BAJAJHIND,308
BAJAJHLDNG,305
BAJAJINDEF,29678
BAJAJST,762563
BAJEL,20531
BAJFINANCE,317
BALAJEE,25203
BALAJIPHOS,30030
BALAJITELE,9158
BALAMINES,14501
BALAXI,11309
BALCO,24882
BALKRISHNA,10181
BALKRISIND,335
BALMLAWRIE,338
BALPHARMA,13441
BALRAMCHIN,341
BALUFORGE,23607
BANARBEADS,347
BANARISUG,350
BANCOINDIA,13880
BANDHANBNK,2263
BANG,15303
BANK10ADD,761364
BANK10BETF,764183
BANKA,828
BANKADD,13644
BANKBARODA,4668
BANKBEES,11439
BANKBETA,22440
BANKBETF,21986
BANKETF,17419
BANKIETF,11037
BANKINDIA,4745
BANKNIFTY1,5851
BANKPSU,25725
BANSALWIRE,24386
BANSWRAS,14511
BARFLEX,29176
BASF,368
BASILIC,18442
BASML,12037
BATAINDIA,371
BATLIBOI,762568
BAWEJA,22574
BAYERCROP,17927
BBETF0432,7196
BBL,13761
BBNPNBETF,24117
BBNPPGOLD,20547
BBOX,3435
BBTC,380
BBTCL,12153
BCG,8833
BCLIND,2513
BCONCEPTS,7780
BCPL,761494
BDL,2144
BDR,4294
BEACON,23925
BEARDSELL,17933
BECTORFOOD,1628
BEDMUTHA,20196
BEEKAY,762573
BEL,383
BELLACASA,757938
BELRISE,757102
BEML,395
BENGALASM,762578
BEPL,419
BERGEPAINT,404
BESTAGRO,2306
BETA,759842
BEWLTD,5662
BFINVEST,21113
BFSI,5220
BFUTILITIE,14567
BGRENERGY,15193
BHADORA,758228
BHAGCHEM,6164
BHAGERIA,13427
BHAGYANGR,20799
BHANDARI,19560
BHARATCOAL,760726
BHARATFORG,422
BHARATGEAR,9397
BHARATRAS,3834
BHARATSE,30244
BHARATWIRE,16123
BHARTIARTL,10604
BHARTIHEXA,23489
BHEL,438
BI,762583
BIGBLOC,18431
BIKAJI,11966
BIKEWO,25527
BIL,7848
BILVYAPAR,13622
BIMETAL,762588
BIOCON,11373
BIOFILCHEM,4136
BIOPOL,760942
BIRDYS,23562
BIRET,2203
BIRLACABLE,6815
BIRLACORPN,480
BIRLAMONEY,15239
BIRLANU,1455
BIRLAPREC,762593
BLACKBUCK,27144
BLACKROSE,762601
BLAL,15067
BLBLIMITED,8132
BLIL,762603
BLISSGVS,19269
BLKASHYAP,13290
BLS,17279
BLSE,22566
BLUECHIP,8650
BLUECOAST,8552
BLUEDART,495
BLUEJET,19686
BLUEPEBBLE,23410
BLUESTARCO,8311
BLUESTONE,759291
BLUEWATER,758185
BLUSPRING,757520
BMETRICS,6052
BMLL,763598
BMWVENTLTD,759256
BNAGROCHEM,762611
BNALTD,762616
BNKETFAXIS,1044
BODALCHEM,25021
BOHRAIND,11640
BOMDYEING,513
BONLON,761056
BORANA,757919
BOROLTD,19401
BORORENEW,3149
BOROSCI,24014
BOSCH-HCIL,4491
BOSCHLTD,2181
BOSS,25119
BPCL,526
BPF01D1D,18164
BPF01D1R,18165
BPF01D2G,18166
BPF01D3D,18167
BPF01D3R,18168
BPF01GPG,18169
BPF01MDD,18170
BPF01MDR,18171
BPF01QDD,18172
BPF01QDR,18173
BPF02D1R,18005
BPF02D2G,18006
BPF02D3D,18007
BPF02D3R,18008
BPF02D4D,18009
BPF02D4R,18010
BPF02D5R,18062
BPF02IDR,18063
BPF02IGG,18064
BPF02IMD,18065
BPF02IMR,18066
BPF02IQD,18067
BPF02IQR,18093
BPF02IWR,18094
BPF02RDR,18095
BPF02RGG,18160
BPF02RMD,18161
BPF02RMR,18162
BPF02RWR,18163
BPL,530
BRACEPORT,24905
BRANDMAN,760972
BRIGADE,15184
BRIGHOTEL,757794
BRITANNIA,547
BRNL,21683
BROOKS,25140
BSE,19585
BSE500IETF,3001
BSHSL,812
BSL,559
BSLGOLDETF,23804
BSLIFQPIDG,29556
BSLIQPIIDP,22844
BSLIQPIRDP,22850
BSLIQPIRG,22853
BSLNIFTY,24781
BSLSENETFG,5957
BSOFT,6994
BTML,14150
BTTL,762621
BUILDPRO,760594
BULKCORP,24701
BUTTERFLY,2716
BVCL,15073
BYKE,7930
C2C,27274
CADSYS,21824
CAGL27,18485
CAGL27A,12471
CAGL28,18498
CALSOFT,8400
CAMLINFINE,6216
CAMPUS,9362
CAMS,342
CANARYS,19368
CANBK,10794
CANFINHOME,583
CANHLIFE,759477
CANTABIL,20160
CAPACITE,21749
CAPILLARY,759867
CAPINVIT,29157
CAPITALSFB,22675
CAPLIPOINT,3906
CAPTRUST,19447
CARBORUNIV,595
CARERATING,29113
CARRARO,28879
CARTRADE,5407
CARYSIL,1879
CASHIETF,30139
CASTROLIND,1250
CBAZAAR,20409
CCAVENUE,16249
CCCL,14992
CCHHL,6385
CCL,11452
CDSL,21174
CEATLTD,15254
CEDAAR,757690
CEIGALL,24742
CEINSYS,761037
CELEBRITY,13162
CELLECOR,18811
CELLO,19795
CELLPOINT,16950
CEMNTGROWW,764285
CEMPRO,5622
CENTENKA,619
CENTEXT,11511
CENTRALBK,14894
CENTRUM,2454
CENTUM,14982
CENTURYPLY,13305
CERA,15039
CEREBRAINT,29016
CESC,628
CEWATER,28764
CGCL,20329
CGPOWER,760
CGRAPHICS,23468
CHALET,8546
CHAMBLFERT,637
CHAMUNDA,29541
CHANDAN,29633
CHAVDA,18654
CHEMBOND,14620
CHEMBONDCH,757991
CHEMCON,276
CHEMFAB,2815
CHEMICAL,759885
CHEMPLASTS,5449
CHENNPETRO,2049
CHETANA,24628
CHEVIOT,9879
CHOICEGOLD,759610
CHOICEIN,8866
CHOLAFIN,685
CHOLAHLDNG,21740
CIEINDIA,14937
CIF27,22553
CIF29,22558
CIFC26A,17952
CIFC28,17964
CIFCL29,763632
CIFCZC26,20437
CIFCZC28,20445
CIFCZC28A,15376
CIFL,756015
CINELINE,27161
CINEVISTA,8024
CIPLA,694
CITI28,761303
CITIUSINVT,763149
CKKRETAIL,760854
CLASSICEIL,758739
CLAYCRAFT,754695
CLCIND,13846
CLEAN,5049
CLEANMAX,760183
CLEDUCATE,20233
CLSEL,3482
CLSL,18260
CMLL,764255
CMNL,13731
CMPDI,761581
CMRGREEN,30893
CMRSL,11447
CMSINFO,7603
CNL,11155
COALINDIA,20374
COASTCORP,6006
COCHINSHIP,21508
COCKERILL,762623
COFFEEDAY,11169
COFORGE,11543
COHANCE,17945
COLPAL,15141
COMFINTE,762628
COMMITTED,19516
COMMOIETF,13198
COMPINFO,19670
COMPUSOFT,31138
COMSYN,21578
CONCOR,4749
CONCORDBIO,18060
CONFIPET,10238
CONNPLEX,758453
CONS,10512
CONSOFINVT,11732
CONSUMAXIS,5732
CONSUMBEES,2435
CONSUMER,28969
CONSUMIETF,6446
CONTI,2531
CONTROLPR,17477
COOLCAPS,8567
CORALFINAC,4007
CORDELIA,762163
CORDSCABLE,15275
COROMANDEL,739
CORONA,760254
COSMOFIRST,742
COUNCODOS,16986
CPCAP,20090
CPEDU,758941
CPL,764203
CPPLUS,758858
CPS,18372
CPSEETF,2328
CRAFTSMAN,2854
CRAMC,759311
CRAYONS,16419
CREATIVEYE,9384
CREDITACC,4421
CREST,13900
CRISIL,757
CRIZAC,757850
CROMPTON,17094
CROWN,8083
CSBBANK,14966
CSLFINANCE,10350
CSM,763753
CSSL,760143
CTE,14218
CUB,5701
CUBEINVIT,15078
CUBEXTUB,4064
CUDML,758156
CUMMINSIND,1901
CUPID,18520
CURAA,30189
CURIS,759825
CURRENT,758964
CYBERMEDIA,11845
CYBERTECH,6054
CYIENT,5748
CYIENTDLM,17187
DABUR,772
DAICHI,762636
DALBHARAT,8075
DALMIASUG,781
DAMCAPITAL,28662
DAMODARIND,17569
DANGEE,1110
DANISH,25927
DATAMATICS,11423
DATAPATTNS,7358
DAVANGERE,21794
DBCORP,17881
DBEIL,25894
DBL,18086
DBOL,10893
DBREALTY,18128
DBSTOCKBRO,31111
DCAL,21704
DCBBANK,13725
DCCL,757107
DCG,23520
DCI,11566
DCM,7323
DCMFINSERV,4775
DCMNVL,11041
DCMSHRIRAM,811
DCMSIL,760898
DCMSRIND,7325
DCW,817
DCXINDIA,11895
DDEVPLSTIK,29098
DECCANCE,14838
DECCANTRAN,25421
DECNGOLD,762638
DEEDEV,24156
DEEM,22802
DEEPAKFERT,827
DEEPAKNTR,19943
DEEPINDS,3292
DEFENCE,761046
DELAPLEX,22527
DELHIVERY,9599
DELPHIFX,24395
DELTACORP,15044
DELTAMAGNT,1214
DELTIC,29092
DEN,17722
DENEERS,15449
DENORA,4279
DENTA,29256
DENTALKART,16454
DESTINY,6087
DEVIT,8146
DEVX,759079
DEVYANI,5373
DGCONTENT,10346
DHAMPURSUG,857
DHANBANK,11359
DHANLAXMI,27723
DHANSA,24415
DHANUKA,24409
DHARAN,759203
DHARARAIL,760492
DHARIWAL,24747
DHARMAJ,13001
DHRUV,6860
DHTL,22533
DHUNINV,22233
DIACABS,18545
DIAMINESQ,18644
DIAMONDYD,21840
DICIND,703
DIFFNKG,25672
DIGIDRIVE,21247
DIGIKORE,19138
DIGISPICE,16687
DIGITIDE,757515
DIGJAMLMTD,6127
DIRL,18769
DISAQ,762643
DISHTV,14540
DIVGIITTS,14479
DIVIDEND,760412
DIVINEHIRA,30262
DIVISLAB,10940
DIVOPPBEES,2636
DIVYADHAN,25680
DIXON,21690
DJML,12749
DKEGL,6249
DLF,14732
DLINKINDIA,17851
DMART,19913
DMCC,6973
DNAMEDIA,641
DODLA,4822
DOLATALGO,12124
DOLLAR,20560
DOLLEX,13323
DOLPHIN,18139
DOMS,20551
DONEAR,13839
DPABHUSHAN,936
DPEL,24286
DPSCLTD,15423
DPWIRES,16902
DRAGARWQ,762648
DRCSYSTEMS,2645
DREAMFOLKS,10859
DREDGECORP,11271
DRONE,17372
DRREDDY,881
DRSCARGO,23485
DRSDILIP,6686
DSFCL,760893
DSKULKARNI,8772
DSSL,25690
DTIL,6227
DTL,24313
DUCOL,13766
DUCON,28952
DUGLOBAL,5457
DURLAX,24164
DVL,15214
DWARKESH,11667
DYCL,10417
DYNAMATECH,4525
DYNAMIC,6082
DYNPRO,21314
E2E,8937
E2ERAIL,760534
EASEMYTRIP,2792
EASTSILK,9769
EBANKNIFTY,25258
EBBETF0430,16253
EBBETF0431,22239
EBBETF0433,13139
EBGNG,757862
ECAPINSURE,29019
ECLERX,15179
ECOLINE,759964
ECOSMOBLTY,25062
EDELWEISS,15119
EEPL,758346
EFACTOR,19267
EFCIL,758675
EFFWA,24438
EFORCE,20899
EGOLD,19933
EICHERMOT,910
EIDPARRY,916
EIEL,27213
EIFFL,6042
EIHAHOTELS,15399
EIHOTEL,919
EIMCOELECO,4040
EKC,13091
ELANTAS,762653
ELCIDIN,762658
ELDEHSG,8953
ELECON,13643
ELECTCAST,928
ELECTHERM,4469
ELGIEQUIP,937
ELGIRUBCO,24924
ELGNZ,29595
ELIN,13423
ELIQUID,759466
ELITECON,762663
ELLEN,758563
ELM250,758952
ELPROINTL,4471
EMAMILTD,13517
EMAMIPAP,10084
EMAMIREAL,19281
EMAPARTNER,29229
EMBASSY,9383
EMBDL,14450
EMCURE,24398
EMETAL,764288
EMIL,11530
EMKAY,13421
EMKAYTOOLS,10253
EMMBI,18146
EMMIL,23745
EMMVEE,759728
EMPOWER,762673
EMSLIMITED,18593
EMUDHRA,9756
EMULTIMQ,25996
ENCOMPAS,760321
ENDURANCE,18822
ENERGY,759780
ENERGYDEV,15049
ENEXT50,763540
ENFUSE,23224
ENGINERSIN,4907
ENIFTY,759998
ENIL,13192
ENRIN,756871
ENSER,23230
ENTERO,22717
ENVIRO,25412
EPACK,22463
EPACKPEB,759251
EPIGRAL,5382
EPL,981
EPWINDIA,761217
EQUAL200,30121
EQUAL50,757142
EQUAL50ADD,6606
EQUIPPP,3553
EQUITASBNK,913
ERIS,21154
ESABINDIA,955
ESAFSFB,19878
ESCONET,22764
ESCORTS,958
ESENSEX,759995
ESFL,17084
ESG,1200
ESILVER,20257
ESPRIT,24678
ESSARSHPNG,25634
ESSENTIA,30327
ESTER,24265
ETERNAL,5097
ETHOSLTD,9750
ETL,758591
ETML,27629
EUREKAFORB,25162
EUROBOND,757953
EUROPRATIK,759797
EUROTEXIND,8886
EVEREADY,11782
EVERESTIND,6017
EVIETF,755881
EVINDIA,24461
EXCELINDUS,11471
EXCELLENT,25327
EXCELSOFT,760007
EXICOM,22947
EXIDEIND,676
EXIMROUTES,760422
EXPLEOSOL,17486
EXXARO,5352
FABTECH,760125
FACT,1008
FAIRCHEMOR,1619
FALCONTECH,24150
FAZE3Q,12000
FCL,6198
FCSSOFT,11999
FDC,4898
FEDDERSHOL,762675
FEDERALBNK,1023
FEDFINA,20322
FEL,13812
FELDVR,30491
FELIX,573
FERMENTA,762680
FIBERWEB,8159
FICRF3DP,18178
FICRF3GP,18179
FICRFD3DPD,18180
FICRFD3GPD,18181
FIDEL,9858
FIEMIND,13710
FILATEX,24532
FILATFASH,23651
FINBUD,759776
FINCABLES,1038
FINEORG,3744
FINIETF,12578
FINKURVE,759239
FINOPB,6579
FINPIPE,1041
FIRSTCRY,24814
FISCHER,757658
FISTIP3GP,18182
FISTIP3MDP,18183
FISTIP3QDP,18196
FISTIP3WDP,18197
FISTIPD3GP,18198
FISTIPD3MD,18199
FISTIPD3QD,18200
FISTIPD3WD,18201
FISTIPIP3G,18388
FIVESTAR,12032
FLAIR,20372
FLEXIADD,759368
FLEXITUFF,25516
FLFL,14868
FLUOROCHEM,13750
FLYSBS,758208
FMCGADD,763530
FMCGIETF,5306
FMGOETZE,1190
FMNL,21021
FOCE,7385
FOCUS,6839
FONEBOX,22517
FOODSIN,6673
FORCAS,24917
FORCEMOT,11573
FORGEAUTO,25664
FORTIS,14592
FOSECOIND,1073
FRACTAL,760961
FRESHARA,25871
FROG,11504
FRONTSP,762685
FSL,14304
FUSION,11932
FWSTC,760331
G1NSETEST,12842
GABRIEL,1085
GAEL,8828
GAIL,4717
GAJANAND,25244
GALAPREC,25134
GALAXYSURF,1315
GALLANTT,13337
GANDHAR,20303
GANDHITUBE,14116
GANECOS,6944
GANESHBE,5617
GANESHCP,759012
GANESHHOU,14339
GANESHIN,27351
GANGABATH,757525
GANGAFORGE,4959
GANGESSECU,21399
GARFIBRES,1100
GARUDA,25800
GATECH,17888
GATECHDVR,27
GATEWAY,8510
GAUDIUMIVF,760179
GAYAHWS,3693
GAYAPROJ,25027
GCHOTELS,30289
GCSL,758986
GEECEE,13662
GEEKAYWIRE,17922
GEMAROMA,759461
GENCON,2188
GENESYS,10905
GENSOL,758842
GENUSPAPER,6600
GENUSPOWER,11905
GENXAI,31942
GEOJITFSL,11896
GESHIP,13776
GFL26,25624
GFL27,23151
GFLLIMITED,1289
GGBL,24439
GHCL,1127
GHCLTEXTIL,16696
GICHSGFIN,1139
GICL,761025
GICRE,277
GILLANDERS,17839
GILLETTE,1576
GILT10BETA,22524
GILT5BETA,22521
GILT5YBEES,3172
GINNIFILA,9294
GIPCL,1145
GIRIRAJ,2365
GJL,760971
GKENERGY,759048
GKSL,761197
GKWLIMITED,17357
GLAND,1186
GLAXO,1153
GLENMARK,7406
GLFL,8412
GLOBAL,1415
GLOBALE,24934
GLOBALPET,17170
GLOBALVECT,13735
GLOBE,393
GLOBECIVIL,758572
GLOBUSSPR,17424
GLOSTERLTD,23590
GLOTTIS,760118
GMBREW,1168
GMDCLTD,5204
GML,759089
GMMPFAUDLR,1570
GMRAIRPORT,13528
GMRP&UI,8529
GNA,18571
GNFC,1174
GNRL,762690
GOACARBON,14687
GOCLCORP,3963
GOCOLORS,6964
GODAVARIB,25941
GODFRYPHLP,1181
GODIGIT,23799
GODREJAGRO,144
GODREJCP,10099
GODREJIND,10925
GODREJPROP,17875
GOKEX,11778
GOKUL,16705
GOKULAGRO,14480
GOLD1,14858
GOLD360,30105
GOLDADD,15356
GOLDAXIS,20532
GOLDBEES,14428
GOLDBETA,14535
GOLDBND,760325
GOLDCASE,22901
GOLDENTOBC,11619
GOLDETF,14286
GOLDIAM,11971
GOLDIETF,19679
GOLDKART,13616
GOLDSTAR,1
GOLDTECH,9878
GOODLUCK,6125
GOODYEAR,1205
GOPAL,23066
GOYALALUM,11787
GOYALSALT,19356
GPECO,24113
GPIL,13409
GPPL,19731
GPTHEALTH,22846
GPTINFRA,17685
GRADIENTE,763301
GRANDOAK,762695
GRANULES,11872
GRAPHISAD,20454
GRAPHITE,592
GRASIM,1232
GRAUWEIL,5200
GRAVISSHO,762700
GRAVITA,20534
GRCL,14055
GREAVESCOT,1235
GREENCHEF,17092
GREENLAM,6848
GREENLEAF,759427
GREENPANEL,13810
GREENPLY,3987
GREENPOWER,20110
GRETEX,18741
GRINDWELL,13560
GRINFRA,5054
GRMOVER,10871
GROBTEA,17770
GROWW,759806
GROWWCAPM,760051
GROWWCHEM,760673
GROWWDEFNC,25758
GROWWEV,24798
GROWWGOLD,25872
GROWWHOSPI,760874
GROWWLIQID,25447
GROWWLOVOL,758300
GROWWMC150,759719
GROWWMETAL,760438
GROWWMOM50,756086
GROWWN200,29872
GROWWNET,757814
GROWWNIFTY,758697
GROWWNXT50,759458
GROWWPOWER,758165
GROWWPSE,760976
GROWWPSUBK,761514
GROWWRAIL,29527
GROWWRLTY,759428
GROWWSC250,759522
GROWWSLVR,756827
GRPLTD,6543
GRSE,5475
GRWRHITECH,7982
GS151226C,4409
GS220230C,4423
GS220231C,4429
GS220236C,4432
GS220240C,4520
GS220250C,4552
GS220261C,4555
GS220261P,4395
GS220830C,4427
GS220831C,4431
GS220836C,4494
GS220840C,4546
GS220850C,4553
GSEC10ABSL,24847
GSEC10IETF,13143
GSEC10YEAR,14938
GSEC5IETF,8342
GSFC,1247
GSLSU,14599
GSMFOILS,23888
GSPCROP,762239
GSS,15347
GSTL,9764
GTECJAINX,1135
GTL,1162
GTLINFRA,13745
GTPL,21195
GUFICBIO,11606
GUJALKALI,1267
GUJAPOLLO,14677
GUJENERGY,10599
GUJRAFFIA,4548
GUJTHEM,29731
GULFOILLUB,4391
GULFPETRO,11584
GULPOLY,6286
GURUNANAK,759264
GVKPIL,13229
GVPIL,7862
GVPTECH,10865
GVT&D,16783
GYFTR,764050
H1861D46DD,8442
H1861D46DG,8445
H1861D46DQ,8446
H1861D46RD,8450
H1861D46RG,8455
H1861D46RQ,8465
H187646RG,8761
H1876D46DD,8770
H1876D46DG,8773
H1876D46DQ,8774
H1876D46RD,8776
H1876D46RQ,8777
HAL,2303
HALDER,760715
HALDYNGL,762708
HALEOSLABS,21551
HAPPSTMNDS,48
HAPPY,764131
HAPPYFORGE,20854
HARDWYN,8962
HARIOMPIPE,8968
HARRMALAYA,1313
HARSHA,11162
HATHWAY,18154
HATSUN,3892
HAVELLS,9819
HAVISHA,7457
HAWKINCOOK,4444
HBESD,762712
HBLENGINE,13966
HBSL,4116
HCC,1375
HCG,15555
HCL-INSYS,1327
HCLTECH,7229
HDAIF1BDDR,29732
HDBFS,757772
HDFC2638DG,14335
HDFC2638DQ,14336
HDFC2638RD,14330
HDFC2638RG,14327
HDFC2638RQ,14332
HDFCAMC,4244
HDFCBANK,1333
HDFCBSE500,14230
HDFCGOLD,19543
HDFCGROWTH,11241
HDFCLIFE,467
HDFCLIQUID,18279
HDFCLOWVOL,11547
HDFCMID150,14236
HDFCMOMENT,11538
HDFCNEXT50,10619
HDFCNIF100,10633
HDFCNIFBAN,22433
HDFCNIFIT,12101
HDFCNIFTY,11591
HDFCNIMEG,764336
HDFCPSUBK,22595
HDFCPVTBAN,12108
HDFCQUAL,11255
HDFCSENSEX,11593
HDFCSILVER,10876
HDFCSML250,14233
HDFCVALUE,11260
HDIL,17920
HEADSUP,19205
HEALTHADD,22592
HEALTHAXIS,3608
HEALTHCARE,760986
HEALTHIETF,3626
HEALTHX,20063
HEALTHY,6297
HECPROJECT,7425
HEG,1336
HEIDELBERG,2316
HEMIPROP,701
HERANBA,2614
HERITGFOOD,4598
HEROMOTOCO,1348
HESTERBIO,7048
HEXAGON,750116
HEXATRADEX,27008
HEXT,29666
HFCL,21951
HFMPCC50DD,18185
HFMPCC50RD,18186
HFMPCC75DD,18191
HFMPCC75RD,18192
HFMPM23DGR,14726
HFMPM23DND,14731
HFMPM23DQD,14733
HFMPM23RGR,14735
HFMPM23RND,14737
HFMPM23RQD,14738
HGINFRA,1672
HGM,13592
HGS,14712
HIGREEN,18794
HIKAL,9668
HILINFRA,759103
HILTON,14631
HIMATSEIDE,1360
HINDALCO,1363
HINDCOMPOS,1372
HINDCON,4920
HINDCOPPER,17939
HINDOILEXP,1403
HINDPETRO,1406
HINDUNILVR,1394
HINDWAREAP,15883
HINDZINC,1424
HIRECT,13890
HISARMETAL,19322
HITECH,2868
HITECHCORP,15165
HITECHGEAR,8568
HLEGLAS,2289
HLVLTD,1448
HMAAGRO,17053
HMT,19698
HMVL,19211
HNDFDS,12173
HNGSNGBEES,18284
HOACFOODS,23826
HOLMARC,18649
HOMEFIRST,2056
HOMESFY,13526
HONASA,19813
HONAUT,3417
HONDAPOWER,3138
HPAL,7376
HPIL,11796
HPL,18679
HPTL,29875
HRHNEXT,21107
HSBCGOLD,761506
HSCL,14334
HTMEDIA,11979
HUBTOWN,14203
HUDCO,20825
HUHTAMAKI,2562
HVAX,25708
HYBRIDETF,764333
HYBRIDFIN,12814
HYUNDAI,25844
IBLFL,21348
IBULLSLTD,25003
ICDSLTD,6977
ICELCO,764064
ICEMAKE,489
ICICIAMC,760407
ICICIB22,522
ICICIBANK,4963
ICICIGI,21770
ICICIPRULI,18652
ICIL,11987
ICRA,14523
IDBI,1476
IDEA,14366
IDEAFORGE,17142
IDEALTECHO,24950
IDENTICAL,28574
IDFCFIRSTB,11184
IDFNIFTYET,18783
IEML,23789
IEX,220
IF3DPD,18174
IF3GPD,18175
IFBAGRO,9300
IFBIND,1485
IFCI,1491
IFD3DPD,18176
IFD3GPD,18177
IFGLEXPOR,436
IGARASHI,634
IGCL,757801
IGIL,28378
IGL,11262
IGPL,14086
IHF261224,28861
IHF261224A,28874
IHFL261224,28854
IIFL,11809
IIFL060326,761122
IIFL06326,761124
IIFL21425,756142
IIFL21425A,756145
IIFL60326,761123
IIFLCAPS,13072
IIFLHF29,7674
IIFLHFZC27,7666
IIFLZC26,6207
IIFLZC28,2883
IIFLZC28A,13858
IIFLZC28B,17043
IIFLZC28C,5217
IITL,19525
IKIO,16822
IKS,28125
IL&FSENGG,9380
IL&FSTRANS,9381
IMAGICAA,7672
IMC1,14228
IMFA,19235
IMPAL,12009
IMPEXFERRO,25881
INA,761099
INCREDIBLE,17507
INDBANK,16933
INDGN,23693
INDHOTEL,1512
INDIACEM,1515
INDIAGLYCO,1521
INDIAMART,10726
INDIANB,14309
INDIANCARD,4422
INDIANHUME,1530
INDIASHLTR,20556
INDIFRA,21058
INDIGO,11195
INDIGOPNTS,2048
INDIGRID,20988
INDIQUBE,757845
INDNIPPON,4747
INDOAMIN,9120
INDOBORAX,8614
INDOCO,11677
INDOFARM,29025
INDOMIM,764301
INDORAMA,10993
INDOSTAR,3088
INDOTECH,13278
INDOTHAI,25608
INDOUS,25503
INDOWIND,14956
INDPRUD,762717
INDRAMEDCO,4751
INDSWFTLAB,4870
INDTERRAIN,21957
INDUSINDBK,5258
INDUSINVIT,23036
INDUSTOWER,29135
INFINIUM,15036
INFLUX,757602
INFOBEAN,11027
INFOLLION,16588
INFOMEDIA,13693
INFRA,761030
INFRABEES,20072
INFRAIETF,10723
INFY,1594
INGERRAND,1597
INM,22770
INNOMET,25323
INNOVACAP,21062
INNOVANA,27754
INNOVISION,761528
INOXGREEN,12193
INOXINDIA,20607
INOXWIND,7852
INSECTICID,14657
INSIFHLSDG,763853
INSIFHLSDR,763855
INSIFHLSRD,763857
INSIFHLSRG,763859
INSIFHLSRR,763861
INSPIRE,19157
INSPIRISYS,13734
INTEGRITY,757905
INTELLECT,5926
INTENTECH,20071
INTERARCH,24909
INTERISE,2892
INTERNET,758595
INTLCONV,5606
INVENTURE,24870
INVICTA,760139
INVPRECQ,762725
IOB,9348
IOC,1624
IOLCP,20413
IONEXCHANG,1630
IPCALAB,1633
IPHL,25033
IPL,4934
IPSL,11903
IRB,15313
IRBINVIT,20817
IRBIT,14806
IRCON,4986
IRCTC,13611
IREDA,20261
IRFC,2029
IRIS,6489
IRISDOREME,2275
IRMENERGY,19597
ISFT,18479
ISGEC,3329
ISHAN,10995
ISHANCH,30249
ISIFAAFDG,31043
ISIFAAFG,31080
ISIFHLSDG,761653
ISIFHLSG,761655
IT,2627
ITADD,17207
ITALIANE,22645
ITAXIS,3010
ITBEES,19084
ITBETA,22488
ITC,1660
ITCHOTELS,29251
ITDC,19299
ITETF,19633
ITI,1675
ITIETF,22365
ITTL,27266
IVALUE,759041
IVC,6711
IVP,8857
IVZINGOLD,18292
IVZINNIFTY,24217
IWARE,757644
IWP,762727
IXIGO,24067
IZMO,14174
J&KBANK,5633
JAGRAN,13211
JAGSNPHARM,4410
JAIBALAJI,14076
JAICORPLTD,5143
JAINAM,6012
JAINIK,758303
JAINREC,759244
JAIPURKURT,5516
JAKHARIA,3950
JALAN,20930
JAMNAAUTO,20778
JARO,759951
JASH,13982
JAYAGROGN,4041
JAYBARMARU,1708
JAYBEE,25037
JAYESH,759159
JAYKAY,760073
JAYNECOIND,2331
JAYSREETEA,1720
JBMA,11655
JETFREIGHT,7211
JETKNIT,18700
JEYYAM,25150
JFLLIFE,10885
JGCHEM,23056
JHS,13720
JINDALPHOT,11743
JINDALPOLY,1756
JINDALSAW,3024
JINDALSTEL,6733
JINDRILL,13875
JINDWORLD,20642
JIOFIN,18143
JISLDVREQS,25684
JISLJALEQS,10397
JITFINFRA,19691
JIWANRAM,18558
JKCEMENT,13270
JKIL,15266
JKIPL,759206
JKLAKSHMI,13491
JKPAPER,11860
JKTYRE,14435
JLHL,18553
JMA,7109
JMFINANCIL,13637
JNKINDIA,23621
JOCIL,16931
JPOLYINVST,31507
JPPOWER,11763
JSFB,22663
JSL,11236
JSLL,758115
JSWCEMENT,758460
JSWDULUX,1467
JSWENERGY,17869
JSWHL,11880
JSWINFRA,19020
JSWSTEEL,11723
JTEKTINDIA,3237
JTLIND,7287
JUBLCPL,29590
JUBLFOOD,18096
JUBLINGREA,2783
JUBLPHARMA,3637
JUNIORBEES,10939
JUNIPER,22824
JUSTDIAL,29962
JWL,20224
JYOTHYLAB,15146
JYOTICNC,21334
JYOTIGLOBL,758221
JYOTISTRUC,1802
K2INFRA,23462
KABRAEXTRU,1805
KAJARIACER,1808
KAKATCEM,8945
KALAMANDIR,18755
KALANA,25443
KALPATARU,758558
KALYANI,19653
KALYANIFRG,15156
KALYANKJIL,2955
KAMAHOLD,762732
KAMATHOTEL,1826
KAMDHENU,13461
KAMOPAINTS,13814
KANANIIND,25786
KANCHI,762740
KANDARP,11208
KANORICHEM,9805
KANPRPLA,1782
KANSAINER,1196
KAPSTON,18967
KARMAENG,24385
KARNIKA,19465
KARURVYSYA,1838
KATARIA,24528
KAUSHALYA,15140
KAVDEFENCE,15244
KAYA,10276
KAYNES,12092
KAYTEX,758868
KCEIL,21173
KCK,10293
KCP,1841
KCPSUGIND,4809
KDDL,14908
KDL,16758
KEC,13260
KECL,18220
KEEPLEARN,778
KEI,13310
KEL,18708
KELLTONTEC,13430
KEN,29547
KENNAMET,11841
KERNEX,13121
KESORAMIND,4981
KEYFINSERV,4157
KFINTECH,13359
KHADIM,433
KHAICHEM,896
KHAITANLTD,3912
KHANDSE,9641
KHFM,9570
KICL,21119
KILITCH,19941
KIMS,4847
KINGFA,18944
KIOCL,19126
KIRANVYPAR,762742
KIRIINDUS,16639
KIRLFER,14466
KIRLOSBROS,18581
KIRLOSENG,20936
KIRLOSIND,19025
KIRLPNU,15180
KISSHT,763294
KITEX,28899
KKCL,13381
KKJEWELS,29192
KKVAPOW,17781
KLBRENG-B,762747
KLL,21186
KMEW,27084
KMSUGAR,14667
KNACK,763839
KNAGRI,760923
KNRCON,15283
KODYTECH,18751
KOHINOOR,3009
KOKUYOCMLN,16827
KOLTEPATIL,15124
KONSTELEC,22475
KONTOR,19287
KOPRAN,4951
KORE,10889
KOTAKBANK,1922
KOTARISUG,11647
KOTHARIPET,4594
KOTHARIPRO,5528
KOTIC,762752
KOTYARK,761337
KOVAI,5192
KPEL,27079
KPIGREEN,5108
KPIL,1814
KPITTECH,9683
KPL,762757
KPRMILL,14912
KRBL,10577
KREBSBIO,1937
KRIDHANINF,11488
KRISHANA,12847
KRISHCA,16133
KRISHIVAL,756782
KRISHNADEF,761192
KRITI,6420
KRITIKA,9288
KRITINUT,11432
KRMAYURVED,760627
KRN,25645
KRONOX,24025
KROSS,25252
KRSNAA,5359
KRT,758431
KRYSTAL,23175
KSB,1949
KSCL,14972
KSHINTL,760433
KSHITIJPOL,10412
KSL,18889
KSOLVES,11060
KSR,759987
KTKBANK,8054
KUANTUM,13870
KUSUMGAR,764116
KWIL,760946
LAGNAM,5865
LAHOTIOV,762762
LAKPRE,4774
LAKSHYA,25860
LAL,14924
LALPATHLAB,11654
LAMBODHARA,6407
LAMOSAIC,27225
LANCORHOL,23027
LANDMARK,13276
LANDSMILL,17376
LAOPALA,14423
LASA,21713
LASERPOWER,764126
LATENTVIEW,6818
LATTEYS,15848
LAURUSLABS,19234
LAXMICOT,6568
LAXMIDENTL,29171
LAXMIINDIA,758865
LCCINFOTEC,7529
LCL,764296
LDL30,763791
LEMERITE,760300
LEMONTREE,2606
LENSKART,759605
LEXUS,14459
LFIC,7902
LGBBROSLTD,18321
LGEINDIA,760213
LGHL,19876
LIBAS,11082
LIBERTSHOE,1994
LICHSGFIN,1997
LICI,9480
LICMFGOLD,25640
LICNETFGSC,6062
LICNETFN50,11319
LICNETFSEN,11441
LICNFNHGP,15229
LICNMID100,22722
LIKHITHA,578
LINC,6951
LINCOLN,11596
LINDEINDIA,1627
LIQGRWBEES,757725
LIQUID,17572
LIQUID1,13950
LIQUIDADD,23407
LIQUIDBEES,11006
LIQUIDBETA,764180
LIQUIDBETF,23915
LIQUIDCASE,21750
LIQUIDETF,1927
LIQUIDIETF,4838
LIQUIDPLUS,27075
LIQUIDSBI,19705
LIQUIDSHRI,24374
LLOYDS,11476
LLOYDSENGG,17801
LLOYDSENT,25807
LLOYDSME,17313
LMW,1979
LODHA,3220
LOKESHMACH,13439
LORDSCHLO,18232
LOTUSDEV,758145
LOTUSEYE,16807
LOVABLE,22415
LOWVOL,14786
LOWVOL1,8632
LOWVOLIETF,21254
LOYALTEX,10590
LPDC,16863
LRRPL,14204
LT,11483
LTF,24948
LTFL28,758556
LTFOODS,13816
LTGILTBEES,17700
LTGILTCASE,758705
LTM,17818
LTTS,18564
LUMAXIND,2018
LUMAXTECH,14014
LUPIN,10440
LUXIND,11301
LXCHEM,2841
LYKALABS,7248
M&M,2031
M&MFIN,13285
MAANALU,15017
MACOBSTECH,24545
MACPOWER,22347
MADHAV,15151
MADHAVBAUG,8262
MADHAVIPL,762767
MADHUCON,13668
MADHUSUDAN,18738
MADRASFERT,4911
MAFANG,3507
MAFATIND,762772
MAGADSUGAR,21392
MAGNUM,14957
MAGSON,17088
MAHABANK,11377
MAHAPEXLTD,5239
MAHASTEEL,17527
MAHEPC,17603
MAHESHWARI,9577
MAHICKRA,2839
MAHKTECH,7074
MAHLIFE,8050
MAHLOG,385
MAHSCOOTER,2085
MAHSEAMLES,2088
MAITHANALL,24538
MAITREYA,19809
MAJESAUT,762777
MAKEINDIA,7979
MAKS,11218
MAL,19134
MALLCOM,7965
MALUPAPER,13352
MAMATA,28687
MANAKALUCO,7420
MANAKCOAT,7413
MANAKSIA,15199
MANAKSTEEL,7463
MANALIPETC,13796
MANAPPURAM,19061
MANAV,21697
MANBA,25597
MANCREDIT,24823
MANDEEP,23779
MANGALAM,11817
MANGLMCEM,2106
MANILAM,760174
MANINDS,11884
MANINFRA,18226
MANKIND,15380
MANOMAY,13753
MANORAMA,10227
MANORG,6428
MANUFGBEES,758667
MANUGRAPH,13575
MANYAVAR,8167
MAPMYINDIA,7227
MARALOVER,7040
MARATHON,18659
MARC,760453
MARCO,18773
MARICO,4067
MARINE,1328
MARINETRAN,20410
MARKOLINES,760204
MARKSANS,10579
MARSONS,761386
MARUSHIKA,761042
MARUTI,10999
MASFIN,199
MASKINVEST,18731
MASON,24278
MASPTOP50,5782
MASTEK,2124
MASTER,19011
MASTERTR,27047
MATRIMONY,21726
MAWANASUG,17026
MAXESTATES,19646
MAXHEALTH,22377
MAXIND,22428
MAXPOSURE,21691
MAXVOLT,29657
MAYASHEEL,757587
MAYURUNIQ,28906
MAZDA,18870
MAZDOCK,509
MBAPL,12686
MBEL,758150
MBLINFRA,18033
MCCHRLS-B,762782
MCL,22360
MCLEODRUSS,11944
MCLOUD,29482
MCON,14574
MCX,31181
MDL,2133
MEDANTA,11956
MEDIASSIST,21705
MEDICAMEQ,6278
MEDICO,9667
MEDIORG,24239
MEDISTEP,758423
MEDPLUS,7254
MEESHO,760229
MEGAFLEX,10971
MEGASTAR,8153
MEGATHERM,22560
MEIL,758748
MENNPIS,762787
MENONBE,6971
MEP,25882
MERCANTILE,762792
MERCURYEV,763663
METAL,25744
METALIC,764278
METALIETF,24861
METROBRAND,7242
METROGLOBL,762797
METROPOLIS,9581
MFL29,763634
MFL29A,764353
MFML,24937
MFSL,2142
MGEL,1598
MGL,17534
MGSL,759945
MHHL,1426
MHLSDD,30566
MHLSDDR,30568
MHLSDG,30564
MHLSRD,30560
MHLSRDR,30562
MHLSRG,30558
MHLXMIRU,7886
MHRIL,17333
MICEL,7165
MICROPRO,19887
MID150,30469
MID150BEES,8506
MID150CASE,24077
MIDCAP,8077
MIDCAPADD,760356
MIDCAPBETA,18347
MIDCAPETF,8413
MIDCAPIETF,17152
MIDHANI,2463
MIDQ50ADD,7456
MIDSELIETF,17702
MIDSMALL,23855
MIDWESTLTD,759517
MIEL,24629
MILTON,159
MINDACORP,25897
MINDPOOL,8900
MINDSPACE,22308
MINDTECK,18049
MIRZAINT,4394
MITCON,8475
MITTAL,18562
MKPL,16736
MMEL,757813
MMFL,13844
MMP,16395
MMTC,17957
MMWL,762805
MNC,10676
MOALPHA50,757669
MOBANK10,761693
MOBIKWIK,28046
MOBILISE,760199
MOCAPITAL,30065
MODEFENCE,24944
MODINATUR,760280
MODIRUBBER,2229
MODIS,759752
MODISONLTD,3325
MODTHREAD,2241
MOENERGY,759374
MOGOLD,757791
MOGSEC,1507
MOHEALTH,10508
MOHITIND,29423
MOIL,20830
MOINFRA,757031
MOIPO,759891
MOKSH,3586
MOL,5394
MOLDTECH,17625
MOLDTKPAC,6713
MOLOWVOL,8654
MOM100,21423
MOM30IETF,10585
MOM50,19289
MOMENTUM,10693
MOMENTUM30,759488
MOMENTUM50,25606
MOMGF,757099
MOMIDMTM,757817
MOMMIDCAP,764198
MOMNC,760054
MOMOMENTUM,8182
MON100,22739
MON50EQUAL,756900
MONARCH,7679
MONEXT50,757167
MONEYBOXX,759381
MONIFTY100,759371
MONIFTY500,19237
MONOLITH,756958
MONOPHARMA,18392
MONQ50,7422
MONTECARLO,5938
MOPSE,757431
MOQUALITY,10822
MOREALTY,23184
MOREPENLAB,2259
MOS,15057
MOSCHIP,29459
MOSERVICE,760001
MOSILVER,758457
MOSMALL250,23181
MOTHERSON,4204
MOTILALOFS,14947
MOTISONS,20788
MOTOGENFIN,8793
MOTOUR,757443
MOVALUE,10825
MOXSH,13502
MPEL,759354
MPHASIS,4503
MPSLTD,10578
MPTODAY,21792
MRF,2277
MRIL,758688
MRPL,2283
MSCI360,763602
MSCIADD,759978
MSCIINDIA,29758
MSPL,11919
MSTCLTD,9356
MSUMI,8596
MTARTECH,2715
MTEDUCARE,31413
MTNL,2294
MUFIN,19783
MUFTI,20878
MUKANDLTD,11325
MUKKA,22980
MUKTAARTS,8691
MULTICAP,25080
MUNISH,759419
MUNJALAU,13511
MUNJALSHOW,2307
MURUDCERA,2313
MUTF27,23363
MUTHOOTCAP,10415
MUTHOOTFIN,23650
MUTHOOTMF,20831
MVGJL,19015
MVKAGRO,22976
MWL,759169
MYMUDRA,25208
N1NSETEST,12848
NACLIND,20425
NAGREEKCAP,14942
NAGREEKEXP,14702
NAHARCAP,15360
NAHARINDUS,13106
NAHARPOLY,14445
NAHARSPING,14440
NAM-INDIA,357
NAMAN,23379
NAMOEWASTE,25170
NARMADA,11627
NATCAPSUQ,29583
NATCOPHARM,3918
NATHBIOGEN,11065
NATIONALUM,6364
NATIONSTD,762807
NAUKRI,13751
NAVA,4014
NAVINFLUOR,14672
NAVKARCORP,10557
NAVKARURB,29149
NAVNETEDUL,2385
NAZARA,2987
NBCC,31415
NBIFIN,19111
NCC,2319
NCLIND,14490
NDGL,18371
NDL,31258
NDLVENTURE,14547
NDR31,761739
NDRAUTO,22255
NDRINVIT,22680
NDTV,11427
NEAGI,762812
NECCLTD,13533
NECLIFE,11930
NEELAM,27123
NELCAST,14761
NELCO,2388
NEOCHEM,760931
NEOGEN,9917
NEPHROCARE,24353
NEPHROPLUS,760346
NEPTUNE,757493
NESCO,15409
NESTLEIND,17963
NETF,7838
NETWEB,17433
NETWORK18,14111
NEULANDLAB,2406
NEWGEN,1164
NEWJAISA,19161
NEXT30ADD,29464
NEXT50,17181
NEXT50ADD,760599
NEXT50BETA,21478
NEXT50ETF,760709
NEXT50IETF,4529
NEXTMEDIA,9867
NFL,13925
NFPSAMPOOR,763536
NGIL,5404
NGLFINE,10277
NH,11840
NHIT,6531
NHPC,17400
NIACL,399
NIBE,29487
NIBL,29733
NIDAN,6592
NIF100BEES,29577
NIF100IETF,30392
NIFTY1,18102
NIFTY100EW,29944
NIFTYADD,7451
NIFTYAXIS,21252
NIFTYBEES,10576
NIFTYBETA,10511
NIFTYBETF,21959
NIFTYCASE,759302
NIFTYETF,6353
NIFTYIETF,29553
NIFTYQLITY,10690
NIITLTD,11522
NIITMTS,17747
NIKITA,758178
NILAINFRA,9253
NILASPACES,7411
NILE,762817
NILKAMAL,2421
NIMBSPROJ,761723
NINSYS,14197
NIPPOBATRY,6782
NIRAJ,261
NIRAJISPAT,18840
NIRLON,2433
NIRMAN,14722
NITCO,13300
NITINSPIN,13175
NITIRAJ,3247
NITTAGELA,762824
NIVABUPA,27097
NKIND,2439
NLCINDIA,8585
NMDC,15332
NMSTEEL,28801
NOCIL,2442
NOIDATOLL,11214
NORBTEAEXP,4160
NORTHARC,25426
NOVAAGRI,22478
NOVARTIND,9007
NPBET,12978
NPST,756324
NRAIL,20314
NRBBEARING,7553
NRL,13680
NRVANDANA,757492
NSIL,11239
NSLNISP,14180
NTPC,11630
NTPCGREEN,27176
NUCLEUS,10791
NURECA,2350
NUVAMA,18721
NUVOCO,5426
NV20,11457
NV20BEES,9847
NV20IETF,17475
NXST,15815
NXT-INFRA,24298
NYKAA,6545
OAL,10768
OBCL,8797
OBEROIRLTY,20242
OBSCP,25923
OCCLLTD,25920
ODIGMA,27575
OFSS,10738
OIL,17438
OILCOUNTUB,8109
OILIETF,24533
OLAELEC,24777
OLECTRA,10637
OLIL,19433
OMAXAUTO,14125
OMAXE,14853
OMFREIGHT,759412
OMFURN,120
OMINFRAL,24231
OMNI,760865
OMPOWER,762432
ONDOOR,19692
ONELIFECAP,25496
ONEPOINT,9939
ONESOURCE,29224
ONGC,2475
ONIDA,6853
ONMOBILE,15282
ONWARDTEC,2481
ONYX,27143
OPTIEMUS,21469
OPTIVALUE,758903
ORBTEXP,31479
ORCHASP,29492
ORCHPHARMA,926
ORIANA,17882
ORICONENT,10159
ORIENTALTL,14346
ORIENTBELL,14278
ORIENTCEM,30089
ORIENTCER,13111
ORIENTELEC,2972
ORIENTHOT,2493
ORIENTLTD,18211
ORIENTPPR,2496
ORIENTTECH,24961
ORISSAMINE,19931
ORKLAINDIA,759569
ORTEL,13321
ORTINGLOBE,2980
OSEINTRUST,10435
OSELDEVICE,25386
OSIAHYPER,12643
OSWALAGRO,2514
OSWALGREEN,471
OSWALPUMPS,756802
OSWALSEEDS,14305
OWAIS,22914
PACEDIGITK,759342
PAGEIND,14413
PAISALO,25468
PAKKA,17197
PALASHSECU,21383
PALREDTEC,17059
PANACEABIO,4055
PANACHE,16355
PANAMAPET,25392
PANSARI,6141
PAR,5631
PARACABLES,13951
PARADEEP,9741
PARAGMILK,17130
PARAGON,19779
PARAMATRIX,25069
PARAMOUNT,25720
PARAMPARA,1353
PARAS,5911
PARASPETRO,3972
PARIN,5460
PARKHOSPS,760351
PARKHOTELS,22649
PARSVNATH,13795
PARTH,758217
PARTYCRUS,2599
PASHUPATI,757955
PASUPTAC,6048
PATANJALI,17029
PATELENG,11699
PATELRMART,759439
PATILAUTOM,756966
PATINTLOG,15223
PATTECH,15143
PAUSHAKLTD,759969
PAVNAIND,16192
PAYTM,6705
PCBL,2649
PCCL,24290
PCJEWELLER,29124
PDMJEPAPER,15377
PDSL,5264
PEARLPOLY,8188
PELATRO,25408
PENIND,20621
PENINLAND,5358
PENTAGON,17132
PERFECT,758121
PERSISTENT,18365
PETRONET,11351
PFC,14299
PFCL36,760805
PFCL36A,760806
PFCL36B,760807
PFCL41,760823
PFCL41A,760824
PFIZER,2643
PFL230125A,29247
PFOCUS,13496
PFS,22602
PGEL,25358
PGHH,2535
PGHL,940
PGIL,14260
PGIMCSA1G,17985
PGIMCSA2D,17986
PGIMCSA3D,17993
PGIMCSA4D,17994
PGIMCSR1D,17995
PGIMCSR2G,17996
PGIMCSR3D,17997
PGIMCSR4D,17998
PGINVIT,3494
PHANTOMFX,11612
PHARMABEES,4973
PHFL29,761733
PHLSDDI,751512
PHLSDDP,751576
PHLSDG,751498
PHLSRDI,751290
PHLSRDP,751411
PHLSRG,751272
PHOENIXLTD,14552
PHOGLOBAL,25513
PICCADIL,757754
PIDILITIND,2664
PIGL,15716
PIIND,24184
PILANIINVS,11445
PILITA,30838
PINELABS,759820
PIONEEREMB,13463
PIONRINV,762832
PIRAMALFIN,759551
PITTIENG,14134
PIXTRANS,9087
PKTEA,10321
PLADAINFO,19492
PLASTIBLEN,13920
PLATIND,22930
PLAZACABLE,19461
PML,762834
PNB,10666
PNBGILTS,8736
PNBHOUSING,18908
PNC,9342
PNCINFRA,9385
PNGJL,25312
PNGSREVA,760242
POCL,14385
PODDARMENT,19036
POKARNA,17651
POLICYBZR,6656
POLYCAB,9590
POLYMED,25718
POLYPLEX,2687
POLYSIL,22711
PONNIERODE,10661
POONAWALLA,11403
POSITRON,24864
POWERGRID,14977
POWERICA,761680
POWERINDIA,18457
POWERMECH,10473
PPAP,15213
PPL,10299
PPLPHARMA,11571
PPSL,24785
PRABHA,30134
PRADPME,762842
PRAENG,13941
PRAJIND,2705
PRAKASH,2708
PRAKASHSTL,19599
PRAMARA,18514
PRANIK,25818
PRATHAM,23113
PRAVEG,762844
PRAXIS,1204
PRECAM,12603
PRECISION,7963
PRECOT,2711
PRECWIRE,2717
PREMCO,762849
PREMEXPLN,17397
PREMIER,6248
PREMIERENE,25049
PREMIERPOL,3908
PREMIUM,25898
PRESSTONIC,20498
PRESTIGE,20302
PRICOLLTD,19631
PRIMECAB,759075
PRIMESECU,11864
PRIMO,756925
PRINCEPIPE,16045
PRITI,8310
PRITIKA,12971
PRITIKAUTO,5296
PRIVISCL,8825
PRIZOR,24511
PRLIND,23764
PROFX,757806
PROLIFE,19352
PROPEQUITY,8735
PROPSHOP,764348
PROSTARM,758173
PROTEAN,29472
PROV,16483
PROZONER,28859
PRSMJOHNSN,2739
PRUDENT,9553
PRUDMOULI,20528
PSB,21001
PSFL,25431
PSIFHLSDG,764210
PSIFHLSRG,764208
PSPPROJECT,20877
PSRAJ,29665
PSUBANK,15061
PSUBANKADD,17616
PSUBNKBEES,15032
PSUBNKIETF,14584
PTC,11355
PTCIL,16682
PTL,14101
PULZ,507
PUNJABCHEM,4344
PURPLEUTED,28044
PURVA,14922
PURVFLEXI,22938
PUSHPA,757683
PVP,4010
PVRINOX,13147
PVSL,23142
PVTBANIETF,11386
PVTBANK,764195
PVTBANKADD,17576
PVTBKGROWW,763572
PWL,759723
PYRAMID,18250
QFIL,14613
QGOLDHALF,15330
QLINE,763594
QMSMEDI,751607
QNIFTY,16819
QPOWER,29713
QSIFAADG,763082
QSIFAADP,763084
QSIFAARG,763086
QSIFAARR,763088
QSIFHDG,759285
QSIFHRG,759298
QSIFHRP,763749
QSIFHRR,759576
QUADFUTURE,29087
QUADPRO,5870
QUAL30IETF,17808
QUALITY30,757946
QUESS,17704
QUESTLAB,23793
QUICKHEAL,13131
QUICKTOUCH,15285
QUINT,762854
QVCEL,24957
RACE,15391
RACLGEAR,27171
RADAAN,10932
RADHIKAJWE,10343
RADIANTCMS,13580
RADICO,10990
RADIOCITY,19877
RADIOWALLA,23445
RAILTEL,2431
RAIN,15337
RAINBOW,9408
RAJESHEXPO,760461
RAJINDLTD,24707
RAJMET,2168
RAJOOENG,757052
RAJPALAYAM,762859
RAJPUTANA,27269
RAJRATAN,18962
RAJRILTD,8428
RAJSREESUG,2809
RAJTV,14403
RALLIS,2816
RAMANEWS,13565
RAMAPHO,10568
RAMASTEEL,10304
RAMBHAJO,762227
RAMCOCEM,2043
RAMCOIND,4587
RAMCOSYS,7851
RAMKY,20134
RAMRAT,10485
RANASUG,2837
RANEHOLDIN,2844
RAPIDFLEET,30460
RAPPID,25610
RATEGAIN,7177
RATNAMANI,13451
RATNAVEER,18423
RAYMOND,2859
RAYMONDLSL,25073
RAYMONDREL,758551
RBA,1494
RBLBANK,18391
RBMINFRA,13570
RBS,23565
RBZJEWEL,20874
RCDL,19681
RCF,2866
RCOM,13188
READYMIX,29561
RECLTD,15355
REDINGTON,14255
REDTAPE,17859
REFEX,17764
REFRACTORY,23718
REGAAL,758682
REGENCERAM,4130
RELAXO,24225
RELCHEMQ,9652
RELIABLE,24378
RELIANCE,2885
RELIGARE,15068
RELINFRA,4791
RELTD,24596
REMSONSIND,3965
REMUS,16154
RENUKA,12026
REPCOHOME,29598
REPL,1486
REPRO,13126
RESPONIND,20323
RETAIL,24145
REXPIPES,5309
REXPRO,29270
RFBL,763468
RGL,15129
RHETAN,759062
RHEXHDDG,755263
RHEXHDDIR,755276
RHEXHDRG,755257
RHFL,759204
RHIM,31163
RHL,15157
RICHA,8212
RICOAUTO,2909
RIIL,2912
RIIT,762244
RILINFRA,9854
RIR,764121
RISHABH,18417
RITCO,8944
RITES,3761
RITEZONE,11910
RKDL,20950
RKEC,1547
RKFORGE,11411
RKSWAMY,23043
RMC,762346
RMDRIP,757836
RML,11975
RNBDENIMS,758981
RNFI,24589
RNPL,758157
ROADSTAR,30051
ROCKINGDCE,20289
ROCKPP,760033
ROHLTD,13182
ROLEXRINGS,5279
ROLLT,19108
ROML,359
ROSSARI,19410
ROSSELLIND,28913
ROSSTECH,27353
ROTO,9049
ROUTE,128
ROXHITECH,20167
ROYALARC,29727
RPEL,24735
RPGLIFE,16725
RPOWER,15259
RPPINFRA,20760
RPPL,6913
RPSGVENT,8119
RPTECH,22670
RRIL,762864
RRKABEL,18566
RSDFIN,762869
RSL,761439
RSSOFTWARE,8426
RSWM,7292
RSYSTEMS,13414
RTL,757777
RTNINDIA,27297
RTNPOWER,17520
RUBFILA,24730
RUBICON,759316
RUBYMILLS,10123
RUCHINFRA,4566
RUCHIRA,13821
RUDRA,760392
RULKA,23830
RUPA,25724
RUSHIL,24595
RUSTOMJEE,12219
RVHL,1565
RVNL,9552
RVTH,25157
S&SPOWER,2951
SAAKSHI,19112
SAATVIKGL,759057
SABAR,10982
SABEVENTS,18497
SACHEEROME,757409
SADBHAV,13236
SADBHIN,10622
SADHAV,22897
SADHNANIQ,15349
SAFARI,13035
SAFEENTP,757583
SAGARDEEP,8175
SAGCEM,14068
SAGILITY,27052
SAHAJSOLAR,24478
SAHANA,16711
SAHASRA,25671
SAHLIBHFI,761688
SAHYADRI,14900
SAIFL,21096
SAIL,2963
SAILIFE,27839
SAIPARENT,761675
SAJHOTELS,25715
SAKAR,9539
SAKHTISUG,2969
SAKSOFT,11794
SAKUMA,13251
SALASAR,21362
SALONA,17351
SALSTEEL,11634
SALZERELEC,11399
SAMAY,756851
SAMBHAAV,4127
SAMBHV,757767
SAMHI,18614
SAMMAANCAP,30125
SAMPANN,27303
SANATHAN,28805
SANDESH,2988
SANDHAR,2397
SANDUMA,18359
SANGAMIND,4184
SANGANI,18035
SANGHVIMOV,14058
SANGINITA,11033
SANOFI,1442
SANOFICONR,25222
SANSERA,5751
SANSTAR,24582
SANWARIA,46
SAPPHIRE,6718
SAPPL,762874
SARDAEN,17758
SAREGAMA,4892
SARLAPOLY,14043
SAROJA,18506
SARTELE,19863
SARVESHWAR,12913
SASKEN,11983
SATECH,24674
SATIA,11045
SATIN,10453
SATIPOLY,24507
SATKARTAR,29151
SATTVAENGG,758960
SAURASHCEM,3018
SAVY,757704
SAWALIYA,758444
SAYAJIHOTL,762879
SBC,6792
SBCL,4656
SBFC,18026
SBGLP,14139
SBIBPB,30290
SBICARD,17971
SBIETFCON,5168
SBIETFIT,740
SBIETFPB,722
SBIETFQLTY,7218
SBIFUNDS,764173
SBILIFE,21808
SBILIQETF,758496
SBIMIDMOM,761095
SBIN,3045
SBINEQWETF,24524
SBINMID150,761741
SBISILVER,24366
SBISMLETF,763543
SBIVALETF,763546
SCANSTL,762887
SCHAEFFLER,1011
SCHAND,20698
SCHNEIDER,31234
SCI,3048
SCILAL,23127
SCL010825,757467
SCL0182025,757468
SCL01825,757462
SCL1825,757461
SCL190325,30212
SCL190325A,30226
SCL19325,30218
SCL19325A,30210
SCL25924,25542
SCL25924A,25544
SCL25924C,25554
SCL25924D,25556
SCL26,19770
SCL271224,28907
SCL271224A,28908
SCL271224B,28923
SCL310524A,23950
SCLZC26,18630
SCLZC26A,18638
SCLZC26C,19772
SCLZC26D,20082
SCLZC26E,20088
SCLZC26F,21003
SCLZC26G,21008
SCML,19469
SCODATUBES,757478
SCPL,12072
SDBL,1338
SDIL41,763048
SDREAMS,25528
SEAMECLTD,2616
SECMARK,19496
SECURKLOUD,11058
SEDEMAC,761153
SEIL,762889
SEITINVIT,21321
SEJALLTD,7094
SEL,18264
SELECTIPO,30109
SELLOWRAP,757982
SELMC,6262
SEMAC,11964
SENCO,17271
SENORES,28888
SENSEXADD,17613
SENSEXAXIS,14742
SENSEXBETA,10515
SENSEXETF,19224
SENSEXIETF,4378
SEPC,15308
SERVICE,17399
SERVOTECH,5507
SESHAPAPER,3066
SETCO,17518
SETF10GILT,17395
SETFGOLD,17272
SETFNIF50,10176
SETFNIFBK,7361
SETFNN50,7353
SETL,29075
SETUINFRA,18024
SEYAIND,10836
SFL,19184
SFLZC26A,12941
SFML,28069
SFMP1DD,9516
SFMP1DR,9517
SFMP1GD,9523
SFMP1GR,9522
SFMP49DD,5497
SFMP49DR,5498
SFMP49GD,5499
SFMP49GR,5500
SFMP50DD,5592
SFMP50DR,5593
SFMP50GD,5595
SFMP50GR,5602
SFMP61DD,8645
SFMP61DR,8647
SFMP61GD,8648
SFMP61GR,8651
SFMP6DD,10051
SFMP6DR,10052
SFMP6GD,10055
SFMP6GR,10060
SGBAPR28I,18862
SGBAUG27,12904
SGBAUG28V,22385
SGBAUG29V,5455
SGBAUG30,11192
SGBD29VIII,7098
SGBDC27VII,15432
SGBDE30III,13642
SGBDE31III,22476
SGBDEC26,7654
SGBFEB27,8766
SGBFEB28IX,17664
SGBFEB29XI,2200
SGBFEB32IV,22886
SGBJ28VIII,17110
SGBJAN27,8308
SGBJAN29IX,1920
SGBJAN29X,2003
SGBJAN30IX,7879
SGBJU29III,3800
SGBJUL27,11154
SGBJUL28IV,22242
SGBJUL29IV,5113
SGBJUN27,10261
SGBJUN28,19078
SGBJUN29II,3743
SGBJUN30,10232
SGBJUN31I,17202
SGBMAR28X,18451
SGBMAR30X,8401
SGBMAR31IV,14598
SGBMAY28,18972
SGBMAY29I,3742
SGBMR29XII,2810
SGBN28VIII,1342
SGBNOV26,6355
SGBNV29VII,6518
SGBOC28VII,834
SGBOCT26,5960
SGBOCT27,13981
SGBOCT27VI,14252
SGBSEP27,13209
SGBSEP28VI,149
SGBSEP29VI,5575
SGBSEP31II,19456
SGFIN,758853
SGIL,5114
SGL,13367
SGMART,758889
SHADOWFAX,761469
SHAH,20296
SHAHALLOYS,11856
SHAILY,8727
SHAIVAL,10684
SHAKTIPUMP,25574
SHALBY,714
SHALPAINTS,15342
SHANKARA,20321
SHANTHALA,19752
SHANTI,5650
SHANTIGEAR,3078
SHANTIGOLD,758002
SHARDACROP,4992
SHARDAMOTR,10530
SHARDUL,762897
SHAREINDIA,104
SHARIABEES,17044
SHBAJRG,762899
SHEEL,759410
SHEETAL,20415
SHEKHAWATI,21095
SHEMAROO,5072
SHERA,14176
SHETHJI,759805
SHIGAN,8394
SHILCTECH,759847
SHILPAMED,17752
SHINDL,762904
SHIVALIK,7026
SHIVAMAUTO,13757
SHIVAMILLS,1503
SHIVASHRIT,758744
SHIVATEX,804
SHIVAUM,759747
SHK,11212
SHKSIL,758568
SHOPERSTOP,11813
SHRADHA,708
SHREDIGCEM,3099
SHREECEM,3103
SHREEDHAR,762112
SHREEJISPG,759448
SHREEKARNI,23074
SHREEOSFM,20603
SHREEPUSHK,10588
SHREERAMA,7627
SHREMINVIT,5718
SHRENIK,760252
SHREYANIND,3126
SHRIAHIMSA,756409
SHRIKANHA,760202
SHRIKRISH,762909
SHRINGARMS,759093
SHRIPISTON,17186
SHRIRAMFIN,4306
SHRIRAMPPS,7200
SHRITECH,17684
SHUBHLAXMI,6451
SHUBHSHREE,25240
SHYAMCENT,10192
SHYAMDHANI,761213
SHYAMMETL,4693
SHYAMTEL,13741
SICAGEN,16875
SICALLOG,19440
SICCL28,759832
SIDBI29,763745
SIDDHICOTS,759053
SIDDHIKA,3148
SIEMENS,3150
SIGACHI,6664
SIGIND,4522
SIGMA,16658
SIGMAADV,14797
SIGNATURE,18743
SIGNORIA,23150
SIGNPOST,22656
SIHF27,25950
SIHF29,760628
SIHF29A,761735
SIHF29B,764279
SIKA,762914
SIKKO,6218
SIL,11297
SILGO,2492
SILINV,4105
SILKFLEX,23739
SILKY,757679
SILLYMONKS,19097
SILVER,8003
SILVER1,13082
SILVER360,756150
SILVERADD,10761
SILVERAG,16777
SILVERAXIS,11193
SILVERBEES,8080
SILVERBETA,15085
SILVERBND,760328
SILVERCASE,30274
SILVERIETF,7942
SILVERTUC,9422
SIMBHALS,758836
SIMCA,763375
SIMPLEXINF,3162
SINCLAIR,23480
SINDHUTRAD,16859
SINGERIND,761420
SINTERCOM,381
SIRCA,11050
SIS,21501
SITINET,29210
SIYSIL,14096
SJLOGISTIC,20542
SJS,6643
SJVN,18883
SKFINDIA,3186
SKFINDUS,760101
SKIPPER,9428
SKMEGGPROD,4732
SKP,10325
SKYGOLD,13631
SLONE,23692
SMALL250,759814
SMALLADD,760359
SMALLCAP,22832
SMALLGROWW,751745
SMALLIETF,754612
SMARTEN,757622
SMARTLINK,9893
SMARTWORKS,757965
SMCGLOBAL,2320
SML100CASE,758955
SMLMAH,3387
SMLT,6843
SMSPHARMA,14329
SMVD,847
SNEHAA,758946
SNOWMAN,4843
SNXT30BEES,757455
SNXT50BETA,9168
SOBHA,13826
SOCL,761202
SOFTTECH,8268
SOLARA,3672
SOLARINDS,13332
SOLARWORLD,759929
SOLEX,759397
SOMANYCERA,3880
SOMATEX,4201
SOMICONVEY,17794
SONACOMS,4684
SONAL,762919
SONAMAC,23052
SONAMLTD,8806
SONATSOFTW,6596
SONUINFRA,9463
SOTAC,14993
SOTL,3021
SOUTHBANK,5948
SOUTHWEST,9678
SPAL,18252
SPANDANA,11435
SPARC,14788
SPCENET,19372
SPCL,24249
SPCON,761393
SPEB,760138
SPECIALITY,27107
SPECTRUM,30455
SPECTSTM,16876
SPENCERS,8163
SPIC,3252
SPLIL,11935
SPLPETRO,9617
SPMLINFRA,3321
SPORTKING,10733
SPPPOLY,25306
SPRL,8521
SPUNWEB,757865
SRD,25737
SREEL,31837
SRF,3273
SRGHFL,18119
SRHHYPOLTD,14582
SRIVASAVI,14416
SRM,23402
SRTL,760188
SSDL,24856
SSEGL,24697
SSFL,18059
SSFLPP,758420
SSWL,11829
STALLION,29204
STANLEY,24226
STAR,7374
STARCEMENT,21091
STARHEALTH,7083
STARPAPER,3291
STARTECK,9305
STCINDIA,10948
STEELCAS,6803
STEELCITY,10406
STEELXIND,21339
STEL,21484
STERTOOLS,6188
STLNETWORK,758978
STLTECH,9313
STOVEKRAFT,2107
STRIDERS,761091
STUDDS,759587
STUDIOLSD,758527
STYL,759934
STYLAMIND,5186
STYLEBAAZA,25116
STYRENIX,19
SUBAHOTELS,760112
SUBEXLTD,959
SUBROS,3324
SUDARCOLOR,715
SUDARSCHEM,3327
SUDEEPPHRM,760039
SUKHJITS,11804
SULA,13218
SUMEETINDS,20790
SUMICHEM,17105
SUMIT,11140
SUMMITSEC,21275
SUNCLAY,20956
SUNDARAM,18931
SUNDARMFIN,3339
SUNDRMBRAK,9848
SUNDRMFAST,3345
SUNDROP,1663
SUNFLAG,3348
SUNLITE,24868
SUNPHARMA,3351
SUNREST,20213
SUNTECH,757766
SUNTECK,17641
SUNTV,13404
SUPERHOUSE,20616
SUPERSPIN,8931
SUPRAJIT,11689
SUPREME,29439
SUPREMEENG,758997
SUPREMEIND,3363
SUPREMEINF,15002
SUPREMEPWR,21067
SUPRIYA,7390
SURAJEST,20822
SURAJLTD,24966
SURAKSHA,27334
SURANASOL,21077
SURANAT&P,10700
SURANI,8513
SURYALA,762924
SURYALAXMI,11852
SURYAROSNI,3375
SURYODAY,2970
SUTLEJTEX,13804
SUVEN,11233
SUVIDHAA,2998
SUYOG,24851
SUZLON,12018
SVLL,15126
SVPGLOB,5023
SWANCORP,27095
SWANDEF,29164
SWARAJ,8608
SWARAJENG,3384
SWASTIK,11497
SWELECTES,11909
SWIGGY,27066
SWSOLAR,12489
SYLVANPLY,24267
SYMPHONY,24190
SYNCOMF,11992
SYNGENE,10243
SYNOPTICS,17206
SYRMA,10793
SYSTANGO,14506
SYSTMTXC,759358
TAALTECH,762929
TAC,23438
TACA29,763534
TAINWALCHM,3396
TAJGVK,9354
TAKE,14917
TALBROAUTO,13648
TAMBOLIIN,762937
TANKUP,756338
TANLA,13976
TAPIFRUIT,10986
TARACHAND,23512
TARAPUR,18827
TARC,1581
TARIL,15174
TARMAT,14771
TARSONS,6943
TASTYBITE,20092
TATACAP,759265
TATACHEM,3405
TATACOMM,3721
TATACONSUM,3432
TATAELXSI,3411
TATAGOLD,21401
TATAINVEST,1621
TATAPOWER,3426
TATASTEEL,3499
TATATECH,20293
TATSILV,21428
TATVA,5162
TAURIAN,759756
TBI,24019
TBOTEK,23740
TBZ,27037
TCC,761814
TCHF30,16894
TCI,10580
TCIEXP,19223
TCIFINANCE,8722
TCL,22777
TCPLPACK,184
TCS,11536
TDPOWERSYS,25178
TEAMGTY,10717
TEAMLEASE,12716
TEAMTECH,763571
TECH,6462
TECHD,759141
TECHERA,25652
TECHLABS,21093
TECHM,13538
TECHNOE,6445
TECHNVISN,762939
TECILCHEM,3453
TEGA,7105
TEJA,763825
TEJASCARGO,29723
TEJASNET,21131
TEMBO,3275
TENNIND,759880
TERASOFT,19292
TEXINFRA,11549
TEXMOPIPES,18214
TEXRAIL,21828
TFCILTD,3466
TFL,14319
TGBHOTELS,14607
TGL,23530
THACKER,762947
THAKDEV,762949
THANGAMAYL,18118
THEINVEST,21427
THEJO,19279
THELEELA,757014
THEMISMED,14485
THERMAX,3475
THESL,25651
THOMASCOOK,3481
THOMASCOTT,31017
THYROCARE,17032
TI,19196
TICL,19503
TIGERLOGS,759179
TIIL,14223
TIINDIA,312
TIJARIA,25482
TIL,3484
TIMESCAN,7800
TIMETECHNO,14707
TIMEX,762954
TIMKEN,14198
TINNARUBR,756020
TIPSFILMS,11374
TIPSMUSIC,9117
TIRUMALCHM,3496
TIRUPATI,21868
TIRUPATIFL,22284
TIT45,760720
TITAGARH,15414
TITAN,3506
TMB,10945
TMCV,759782
TMPV,3456
TNIDETF,8882
TNPETRO,3509
TNPL,3980
TNTELE,3512
TOKYOPLAST,9710
TOLINS,25262
TOP100CASE,24081
TOP10ADD,25171
TOP15IETF,757781
TOP20,760415
TORNTPHARM,3518
TORNTPOWER,13786
TOTAL,22423
TOUCHWOOD,16908
TPHQ,16996
TPLPLASTEH,9219
TRACXN,11582
TRANSPEK,3531
TRANSRAILL,28714
TRANSTEEL,19801
TRANSWIND,21260
TRANSWORLD,8619
TRAVELFOOD,757545
TREEHOUSE,25082
TREJHARA,7518
TREL,17795
TRENT,1964
TRF,17987
TRIDENT,9685
TRIDHYA,17215
TRIGYN,5428
TRITURBINE,25584
TRIVENI,13084
TROM,24645
TRU,9378
TRUALT,759210
TRUST,23417
TSC,757858
TSFINV,2183
TTKHLTCARE,11369
TTKPRESTIG,3546
TTL,14314
TTML,8954
TUNWAL,24520
TURTLEMINT,756090
TVSELECT,11265
TVSHLTD,29008
TVSINVIT,758598
TVSMNCRPS,761141
TVSMOTOR,8479
TVSSCS,18151
TVSSRICHAK,14245
TVTODAY,11275
TVVISION,18504
TWCGOLDETF,760482
UBL,16713
UCAL,3570
UCL,4214
UCOBANK,11223
UDS,19113
UEL,23507
UFBL,3127
UFLEX,1053
UFO,9039
UGARSUGAR,19578
UGROCAP,5313
UHTL,25938
UJJIVANSFB,15228
ULTRACEMCO,11532
ULTRAMAR,762961
UMA,13349
UMAEXPORTS,8845
UMESLTD,19142
UMIYA-MRO,8998
UNICHEMLAB,3579
UNIDT,204
UNIECOM,24809
UNIENTER,11293
UNIHEALTH,18582
UNIINFO,7797
UNILEX,25633
UNIMECH,28960
UNIONBANK,10753
UNIONGOLD,29687
UNIPARTS,13057
UNITDSPR,10447
UNITECH,3594
UNITEDPOLY,7564
UNITEDTEA,17999
UNIVASTU,18979
UNIVCABLES,3607
UNIVPHOTO,17661
UNOMINDA,14154
UPL,11287
URAVIDEF,17081
URBAN,16888
URBANCO,759084
URJA,20203
USASEEDS,10610
USHAFIN,25952
USHAMART,8840
USK,14871
UTFDAIPIGI,30425
UTFDAIPIPI,30426
UTFIAIPIGI,24049
UTFIAIPRGI,24055
UTFIAIPRPI,24058
UTFIAIPRRI,24061
UTIAMC,527
UTIDGR36P1,14394
UTIDPP36P1,14395
UTIRGR36P1,14399
UTIRPP36P1,14401
UTKAL,751580
UTKARSHBNK,17358
UTLSOLAR,759876
UTSSAV,24729
UTTAMSUGAR,13376
UWCSL,5945
UYFINCORP,25626
V1NSETEST,12863
V2RETAIL,14766
VADILALIND,24196
VAIBHAVGBL,11364
VAISHALI,16589
VAKRANGEE,13342
VAL30IETF,25851
VALIANTLAB,19220
VALIANTORG,334
VALUE,761511
VALUE360,763304
VALUEAXIS,30155
VAML,750174
VARDHACRLC,13403
VARDMNPOLY,3646
VARROC,3857
VASA,1274
VASCONEQ,18114
VASWANI,25340
VBL,18921
VCL,9020
VDEAL,25054
VEDL,3063
VEDPOWER,750518
VEEDOL,14019
VEEKAYEM,10710
VELJAN,762969
VELS,14595
VENKEYS,3757
VENTIVE,28847
VENUSPIPES,9592
VENUSREM,13856
VERA,2666
VERANDA,8890
VERITAAS,23775
VERTEXPLUS,14491
VERTIS,10757
VERTOZ,18865
VESUVIUS,3676
VETO,8660
VGINFOTECH,757060
VGL,13771
VGUARD,15362
VHL,11892
VHLTD,23386
VIAZ,14316
VICTORYEV,760694
VIDHIING,13536
VIDYAWIRES,760224
VIESL,25231
VIGOR,758908
VIJAYA,5585
VIJAYPD,760121
VIJIFIN,17695
VIKASECO,25756
VIKASLIFE,9931
VIKRAMSOLR,759453
VIKRAN,758973
VILAS,23909
VILINBIO,16954
VIMTALABS,13101
VINATIORGA,17364
VINCOFE,25835
VINDHYATEL,3694
VINEETLAB,3809
VINNY,12490
VINSYS,17905
VINYAS,19206
VINYLINDIA,16821
VIPCLOTHNG,14847
VIPIND,3703
VIPULLTD,8437
VIRINCHI,15295
VISACHROME,13298
VISAKAIND,4221
VISAMAN,24274
VISHNU,6908
VISHNUINFR,19300
VISHWARAJ,13702
VISHWAS,23373
VISL,750290
VITAL,761150
VIVIANA,763637
VIVIDEL,761771
VIVIDHA,29877
VIVIMEDLAB,11968
VIVO,7610
VIYASH,14296
VLEGOV,18021
VLINFRA,24606
VLSFINANCE,3715
VMARCIND,3188
VMART,29284
VMM,27969
VMOBILE,763821
VMSTMT,759153
VOEPL,761916
VOGL,750368
VOLERCAR,29658
VOLTAMP,13577
VOLTAS,3718
VPRPL,18343
VR,23018
VRAJ,24321
VRLLOG,8696
VSCL,20974
VSSL,27067
VSTIND,3724
VSTL,22730
VSTTILLERS,24292
VTL,2073
WAAREEENER,25907
WAAREEINDO,19955
WAAREERTL,756038
WABAG,20188
WAKEFIT,760259
WALCHANNAG,3736
WALPAR,5013
WANBURY,14063
WCIL,25403
WEALTH,1923
WEBELSOLAR,14602
WEIZMANIND,3748
WEL,7835
WELCORP,11821
WELENT,11626
WELINV,19804
WELSPLSOL,762971
WELSPUNLIV,11253
WENDT,4235
WESTLIFE,11580
WEWIN,9865
WEWORK,759434
WHEELS,3766
WHIRLPOOL,18011
WHITEFORCE,757665
WILLAMAGOR,3772
WINDLAS,5366
WINDMACHIN,24969
WINNY,24173
WINSOL,23714
WIPL,20481
WIPRO,3787
WOCKPHARMA,7506
WOL3D,25605
WOMANCART,19627
WONDERLA,3002
WORTHPERI,22277
WPIL,762978
WSI,14828
WSTCSTPAPR,3799
WTICAB,22725
XCHANGING,11705
XELPMOC,8477
XPROINDIA,11407
XTGLOBAL,25235
XTRANET,764313
YAAP,760870
YASHO,18131
YASHOPTICS,23451
YATHARTH,17738
YATRA,18760
YCCL,17627
YESBANK,11915
YUDIZ,18040
YUKEN,5501
ZAGGLE,18608
ZEAL,17766
ZEEL,3812
ZEELEARN,20856
ZEEMEDIA,14003
ZENITHDRUG,22803
ZENITHEXPO,4176
ZENITHSTL,14562
ZENSARTECH,1076
ZENTEC,7508
ZFCVINDIA,16915
ZFSTEERING,4229
ZIMLAB,12412
ZODIAC,7129
ZODIACLOTH,3821
ZOTA,11394
ZSARACOM,762985
ZTECH,23976
ZUARI,29050
ZUARIIND,3827
ZYDUSLIFE,7929
ZYDUSWELL,17635
